Mekan,Link
"AK - Anchorage","https://www.copart.com/saleListResult/113/2026-03-10?location=AK%20-%20Anchorage&saleDate=1773172800000&liveAuction=false&from=&yardNum=113"
"*NCS - Central Region","https://www.copart.com/saleListResult/881/2026-03-10?location=*NCS%20-%20Central%20Region&saleDate=1773190800000&liveAuction=false&from=&yardNum=881"
"*NCS - Eastern Region","https://www.copart.com/saleListResult/880/2026-03-10?location=*NCS%20-%20Eastern%20Region&saleDate=1773190800000&liveAuction=false&from=&yardNum=880"
"*NCS - Mountain Region","https://www.copart.com/saleListResult/882/2026-03-10?location=*NCS%20-%20Mountain%20Region&saleDate=1773190800000&liveAuction=false&from=&yardNum=882"
"*NCS - Pacific Region","https://www.copart.com/saleListResult/883/2026-03-10?location=*NCS%20-%20Pacific%20Region&saleDate=1773190800000&liveAuction=false&from=&yardNum=883"
"*NCS - Central Region","https://www.copart.com/saleListResult/881/2026-03-11?location=*NCS%20-%20Central%20Region&saleDate=1773277200000&liveAuction=false&from=&yardNum=881"
"*NCS - Eastern Region","https://www.copart.com/saleListResult/880/2026-03-11?location=*NCS%20-%20Eastern%20Region&saleDate=1773277200000&liveAuction=false&from=&yardNum=880"
"*NCS - Mountain Region","https://www.copart.com/saleListResult/882/2026-03-11?location=*NCS%20-%20Mountain%20Region&saleDate=1773277200000&liveAuction=false&from=&yardNum=882"
"*NCS - Pacific Region","https://www.copart.com/saleListResult/883/2026-03-11?location=*NCS%20-%20Pacific%20Region&saleDate=1773277200000&liveAuction=false&from=&yardNum=883"
"CT - Hartford","https://www.copart.com/saleListResult/23/2026-03-10?location=CT%20-%20Hartford&saleDate=1773151200000&liveAuction=false&from=&yardNum=23"
"DC - Washington DC","https://www.copart.com/saleListResult/32/2026-03-10?location=DC%20-%20Washington%20DC&saleDate=1773151200000&liveAuction=false&from=&yardNum=32"
"DE - Seaford","https://www.copart.com/saleListResult/130/2026-03-10?location=DE%20-%20Seaford&saleDate=1773151200000&liveAuction=false&from=&yardNum=130"
"FL - Miami North","https://www.copart.com/saleListResult/33/2026-03-10?location=FL%20-%20Miami%20North&saleDate=1773151200000&liveAuction=false&from=&yardNum=33"
"FL - Ocala","https://www.copart.com/saleListResult/108/2026-03-10?location=FL%20-%20Ocala&saleDate=1773151200000&liveAuction=false&from=&yardNum=108"
"FL - Orlando South","https://www.copart.com/saleListResult/55/2026-03-10?location=FL%20-%20Orlando%20South&saleDate=1773151200000&liveAuction=false&from=&yardNum=55"
"FL - Punta Gorda","https://www.copart.com/saleListResult/348/2026-03-10?location=FL%20-%20Punta%20Gorda&saleDate=1773151200000&liveAuction=false&from=&yardNum=348"
"FL - Tampa South","https://www.copart.com/saleListResult/34/2026-03-10?location=FL%20-%20Tampa%20South&saleDate=1773151200000&liveAuction=false&from=&yardNum=34"
"FL - West Palm Beach","https://www.copart.com/saleListResult/70/2026-03-10?location=FL%20-%20West%20Palm%20Beach&saleDate=1773151200000&liveAuction=false&from=&yardNum=70"
"GA - Atlanta South","https://www.copart.com/saleListResult/146/2026-03-10?location=GA%20-%20Atlanta%20South&saleDate=1773151200000&liveAuction=false&from=&yardNum=146"
"GA - Atlanta West","https://www.copart.com/saleListResult/15/2026-03-10?location=GA%20-%20Atlanta%20West&saleDate=1773151200000&liveAuction=false&from=&yardNum=15"
"GA - Augusta","https://www.copart.com/saleListResult/359/2026-03-10?location=GA%20-%20Augusta&saleDate=1773151200000&liveAuction=false&from=&yardNum=359"
"GA - Tifton","https://www.copart.com/saleListResult/88/2026-03-10?location=GA%20-%20Tifton&saleDate=1773151200000&liveAuction=false&from=&yardNum=88"
"IN - Cicero","https://www.copart.com/saleListResult/170/2026-03-10?location=IN%20-%20Cicero&saleDate=1773151200000&liveAuction=false&from=&yardNum=170"
"IN - Indianapolis","https://www.copart.com/saleListResult/44/2026-03-10?location=IN%20-%20Indianapolis&saleDate=1773151200000&liveAuction=false&from=&yardNum=44"
"MD - Baltimore East","https://www.copart.com/saleListResult/342/2026-03-10?location=MD%20-%20Baltimore%20East&saleDate=1773151200000&liveAuction=false&from=&yardNum=342"
"MI - Detroit","https://www.copart.com/saleListResult/61/2026-03-10?location=MI%20-%20Detroit&saleDate=1773151200000&liveAuction=false&from=&yardNum=61"
"NC - Raleigh","https://www.copart.com/saleListResult/54/2026-03-10?location=NC%20-%20Raleigh&saleDate=1773151200000&liveAuction=false&from=&yardNum=54"
"NH - Candia","https://www.copart.com/saleListResult/155/2026-03-10?location=NH%20-%20Candia&saleDate=1773151200000&liveAuction=false&from=&yardNum=155"
"NJ - Glassboro East","https://www.copart.com/saleListResult/31/2026-03-10?location=NJ%20-%20Glassboro%20East&saleDate=1773151200000&liveAuction=false&from=&yardNum=31"
"NJ - Glassboro West","https://www.copart.com/saleListResult/69/2026-03-10?location=NJ%20-%20Glassboro%20West&saleDate=1773151200000&liveAuction=false&from=&yardNum=69"
"NJ - Somerville","https://www.copart.com/saleListResult/91/2026-03-10?location=NJ%20-%20Somerville&saleDate=1773151200000&liveAuction=false&from=&yardNum=91"
"NY - Newburgh","https://www.copart.com/saleListResult/24/2026-03-10?location=NY%20-%20Newburgh&saleDate=1773151200000&liveAuction=false&from=&yardNum=24"
"OH - Akron","https://www.copart.com/saleListResult/376/2026-03-10?location=OH%20-%20Akron&saleDate=1773151200000&liveAuction=false&from=&yardNum=376"
"OH - Columbus","https://www.copart.com/saleListResult/29/2026-03-10?location=OH%20-%20Columbus&saleDate=1773151200000&liveAuction=false&from=&yardNum=29"
"Ontario Auction","https://www.copart.com/saleListResult/294/2026-03-10?location=Ontario%20Auction&saleDate=1773151200000&liveAuction=false&from=&yardNum=294"
"PA - Harrisburg","https://www.copart.com/saleListResult/76/2026-03-10?location=PA%20-%20Harrisburg&saleDate=1773151200000&liveAuction=false&from=&yardNum=76"
"PA - Philadelphia","https://www.copart.com/saleListResult/26/2026-03-10?location=PA%20-%20Philadelphia&saleDate=1773151200000&liveAuction=false&from=&yardNum=26"
"TN - Knoxville","https://www.copart.com/saleListResult/114/2026-03-10?location=TN%20-%20Knoxville&saleDate=1773151200000&liveAuction=false&from=&yardNum=114"
"VA - Hampton","https://www.copart.com/saleListResult/162/2026-03-10?location=VA%20-%20Hampton&saleDate=1773151200000&liveAuction=false&from=&yardNum=162"
"FL - Ft. Pierce","https://www.copart.com/saleListResult/86/2026-03-11?location=FL%20-%20Ft.%20Pierce&saleDate=1773237600000&liveAuction=false&from=&yardNum=86"
"FL - Jacksonville North","https://www.copart.com/saleListResult/163/2026-03-11?location=FL%20-%20Jacksonville%20North&saleDate=1773237600000&liveAuction=false&from=&yardNum=163"
"FL - Miami Central","https://www.copart.com/saleListResult/105/2026-03-11?location=FL%20-%20Miami%20Central&saleDate=1773237600000&liveAuction=false&from=&yardNum=105"
"FL - Miami South","https://www.copart.com/saleListResult/148/2026-03-11?location=FL%20-%20Miami%20South&saleDate=1773237600000&liveAuction=false&from=&yardNum=148"
"FL - Orlando North","https://www.copart.com/saleListResult/153/2026-03-11?location=FL%20-%20Orlando%20North&saleDate=1773237600000&liveAuction=false&from=&yardNum=153"
"GA - Atlanta East","https://www.copart.com/saleListResult/107/2026-03-11?location=GA%20-%20Atlanta%20East&saleDate=1773237600000&liveAuction=false&from=&yardNum=107"
"GA - Atlanta North","https://www.copart.com/saleListResult/157/2026-03-11?location=GA%20-%20Atlanta%20North&saleDate=1773237600000&liveAuction=false&from=&yardNum=157"
"KY - Lexington West","https://www.copart.com/saleListResult/83/2026-03-11?location=KY%20-%20Lexington%20West&saleDate=1773237600000&liveAuction=false&from=&yardNum=83"
"MA - Freetown","https://www.copart.com/saleListResult/361/2026-03-11?location=MA%20-%20Freetown&saleDate=1773237600000&liveAuction=false&from=&yardNum=361"
"MA - North Boston","https://www.copart.com/saleListResult/53/2026-03-11?location=MA%20-%20North%20Boston&saleDate=1773237600000&liveAuction=false&from=&yardNum=53"
"MA - West Warren","https://www.copart.com/saleListResult/149/2026-03-11?location=MA%20-%20West%20Warren&saleDate=1773237600000&liveAuction=false&from=&yardNum=149"
"ME - Windham","https://www.copart.com/saleListResult/384/2026-03-11?location=ME%20-%20Windham&saleDate=1773237600000&liveAuction=false&from=&yardNum=384"
"MI - Flint","https://www.copart.com/saleListResult/159/2026-03-11?location=MI%20-%20Flint&saleDate=1773237600000&liveAuction=false&from=&yardNum=159"
"MI - Kincheloe","https://www.copart.com/saleListResult/161/2026-03-11?location=MI%20-%20Kincheloe&saleDate=1773237600000&liveAuction=false&from=&yardNum=161"
"NC - Gastonia","https://www.copart.com/saleListResult/340/2026-03-11?location=NC%20-%20Gastonia&saleDate=1773237600000&liveAuction=false&from=&yardNum=340"
"NC - Mebane","https://www.copart.com/saleListResult/154/2026-03-11?location=NC%20-%20Mebane&saleDate=1773237600000&liveAuction=false&from=&yardNum=154"
"NC - Mocksville","https://www.copart.com/saleListResult/196/2026-03-11?location=NC%20-%20Mocksville&saleDate=1773237600000&liveAuction=false&from=&yardNum=196"
"NJ - Trenton","https://www.copart.com/saleListResult/135/2026-03-11?location=NJ%20-%20Trenton&saleDate=1773237600000&liveAuction=false&from=&yardNum=135"
"NY - Albany","https://www.copart.com/saleListResult/94/2026-03-11?location=NY%20-%20Albany&saleDate=1773237600000&liveAuction=false&from=&yardNum=94"
"NY - Long Island","https://www.copart.com/saleListResult/30/2026-03-11?location=NY%20-%20Long%20Island&saleDate=1773237600000&liveAuction=false&from=&yardNum=30"
"NY - Syracuse","https://www.copart.com/saleListResult/25/2026-03-11?location=NY%20-%20Syracuse&saleDate=1773237600000&liveAuction=false&from=&yardNum=25"
"OH - Cleveland East","https://www.copart.com/saleListResult/111/2026-03-11?location=OH%20-%20Cleveland%20East&saleDate=1773237600000&liveAuction=false&from=&yardNum=111"
"OH - Dayton","https://www.copart.com/saleListResult/166/2026-03-11?location=OH%20-%20Dayton&saleDate=1773237600000&liveAuction=false&from=&yardNum=166"
"PA - Philadelphia East","https://www.copart.com/saleListResult/164/2026-03-11?location=PA%20-%20Philadelphia%20East&saleDate=1773237600000&liveAuction=false&from=&yardNum=164"
"PA - Pittsburgh South","https://www.copart.com/saleListResult/85/2026-03-11?location=PA%20-%20Pittsburgh%20South&saleDate=1773237600000&liveAuction=false&from=&yardNum=85"
"PA - Pittsburgh West","https://www.copart.com/saleListResult/174/2026-03-11?location=PA%20-%20Pittsburgh%20West&saleDate=1773237600000&liveAuction=false&from=&yardNum=174"
"PA - Scranton","https://www.copart.com/saleListResult/142/2026-03-11?location=PA%20-%20Scranton&saleDate=1773237600000&liveAuction=false&from=&yardNum=142"
"SC - North Charleston","https://www.copart.com/saleListResult/197/2026-03-11?location=SC%20-%20North%20Charleston&saleDate=1773237600000&liveAuction=false&from=&yardNum=197"
"SC - Spartanburg","https://www.copart.com/saleListResult/144/2026-03-11?location=SC%20-%20Spartanburg&saleDate=1773237600000&liveAuction=false&from=&yardNum=144"
"VA - Fredericksburg","https://www.copart.com/saleListResult/194/2026-03-11?location=VA%20-%20Fredericksburg&saleDate=1773237600000&liveAuction=false&from=&yardNum=194"
"CT - Hartford Springfield","https://www.copart.com/saleListResult/350/2026-03-12?location=CT%20-%20Hartford%20Springfield&saleDate=1773324000000&liveAuction=false&from=&yardNum=350"
"FL - Orlando South","https://www.copart.com/saleListResult/55/2026-03-12?location=FL%20-%20Orlando%20South&saleDate=1773324000000&liveAuction=false&from=&yardNum=55"
"FL - West Palm Beach","https://www.copart.com/saleListResult/70/2026-03-12?location=FL%20-%20West%20Palm%20Beach&saleDate=1773324000000&liveAuction=false&from=&yardNum=70"
"GA - Atlanta South","https://www.copart.com/saleListResult/146/2026-03-12?location=GA%20-%20Atlanta%20South&saleDate=1773324000000&liveAuction=false&from=&yardNum=146"
"GA - Cartersville","https://www.copart.com/saleListResult/175/2026-03-12?location=GA%20-%20Cartersville&saleDate=1773324000000&liveAuction=false&from=&yardNum=175"
"GA - Macon","https://www.copart.com/saleListResult/187/2026-03-12?location=GA%20-%20Macon&saleDate=1773324000000&liveAuction=false&from=&yardNum=187"
"GA - Savannah","https://www.copart.com/saleListResult/87/2026-03-12?location=GA%20-%20Savannah&saleDate=1773324000000&liveAuction=false&from=&yardNum=87"
"KY - Louisville","https://www.copart.com/saleListResult/143/2026-03-12?location=KY%20-%20Louisville&saleDate=1773324000000&liveAuction=false&from=&yardNum=143"
"MA - North Boston","https://www.copart.com/saleListResult/53/2026-03-12?location=MA%20-%20North%20Boston&saleDate=1773324000000&liveAuction=false&from=&yardNum=53"
"MA - South Boston","https://www.copart.com/saleListResult/27/2026-03-12?location=MA%20-%20South%20Boston&saleDate=1773324000000&liveAuction=false&from=&yardNum=27"
"MD - Baltimore East","https://www.copart.com/saleListResult/342/2026-03-12?location=MD%20-%20Baltimore%20East&saleDate=1773324000000&liveAuction=false&from=&yardNum=342"
"ME - Lyman","https://www.copart.com/saleListResult/90/2026-03-12?location=ME%20-%20Lyman&saleDate=1773324000000&liveAuction=false&from=&yardNum=90"
"MI - Wayland","https://www.copart.com/saleListResult/385/2026-03-12?location=MI%20-%20Wayland&saleDate=1773324000000&liveAuction=false&from=&yardNum=385"
"NC - Concord","https://www.copart.com/saleListResult/356/2026-03-12?location=NC%20-%20Concord&saleDate=1773324000000&liveAuction=false&from=&yardNum=356"
"NC - Raleigh","https://www.copart.com/saleListResult/54/2026-03-12?location=NC%20-%20Raleigh&saleDate=1773324000000&liveAuction=false&from=&yardNum=54"
"NH - Candia","https://www.copart.com/saleListResult/155/2026-03-12?location=NH%20-%20Candia&saleDate=1773324000000&liveAuction=false&from=&yardNum=155"
"NJ - Glassboro East","https://www.copart.com/saleListResult/31/2026-03-12?location=NJ%20-%20Glassboro%20East&saleDate=1773324000000&liveAuction=false&from=&yardNum=31"
"NY - Newburgh","https://www.copart.com/saleListResult/24/2026-03-12?location=NY%20-%20Newburgh&saleDate=1773324000000&liveAuction=false&from=&yardNum=24"
"OH - Cleveland West","https://www.copart.com/saleListResult/112/2026-03-12?location=OH%20-%20Cleveland%20West&saleDate=1773324000000&liveAuction=false&from=&yardNum=112"
"Ontario Auction","https://www.copart.com/saleListResult/294/2026-03-12?location=Ontario%20Auction&saleDate=1773324000000&liveAuction=false&from=&yardNum=294"
"PA - Altoona","https://www.copart.com/saleListResult/129/2026-03-12?location=PA%20-%20Altoona&saleDate=1773324000000&liveAuction=false&from=&yardNum=129"
"PA - Pittsburgh North","https://www.copart.com/saleListResult/28/2026-03-12?location=PA%20-%20Pittsburgh%20North&saleDate=1773324000000&liveAuction=false&from=&yardNum=28"
"PA - York Haven","https://www.copart.com/saleListResult/127/2026-03-12?location=PA%20-%20York%20Haven&saleDate=1773324000000&liveAuction=false&from=&yardNum=127"
"RI - Exeter","https://www.copart.com/saleListResult/199/2026-03-12?location=RI%20-%20Exeter&saleDate=1773324000000&liveAuction=false&from=&yardNum=199"
"TN - Knoxville","https://www.copart.com/saleListResult/114/2026-03-12?location=TN%20-%20Knoxville&saleDate=1773324000000&liveAuction=false&from=&yardNum=114"
"WV - Charleston","https://www.copart.com/saleListResult/89/2026-03-12?location=WV%20-%20Charleston&saleDate=1773324000000&liveAuction=false&from=&yardNum=89"
"CT - Hartford","https://www.copart.com/saleListResult/23/2026-03-13?location=CT%20-%20Hartford&saleDate=1773410400000&liveAuction=false&from=&yardNum=23"
"DC - Washington DC","https://www.copart.com/saleListResult/32/2026-03-13?location=DC%20-%20Washington%20DC&saleDate=1773410400000&liveAuction=false&from=&yardNum=32"
"FL - Miami North","https://www.copart.com/saleListResult/33/2026-03-13?location=FL%20-%20Miami%20North&saleDate=1773410400000&liveAuction=false&from=&yardNum=33"
"FL - Punta Gorda","https://www.copart.com/saleListResult/348/2026-03-13?location=FL%20-%20Punta%20Gorda&saleDate=1773410400000&liveAuction=false&from=&yardNum=348"
"FL - Tallahassee","https://www.copart.com/saleListResult/117/2026-03-13?location=FL%20-%20Tallahassee&saleDate=1773410400000&liveAuction=false&from=&yardNum=117"
"FL - Tampa South","https://www.copart.com/saleListResult/34/2026-03-13?location=FL%20-%20Tampa%20South&saleDate=1773410400000&liveAuction=false&from=&yardNum=34"
"GA - Atlanta West","https://www.copart.com/saleListResult/15/2026-03-13?location=GA%20-%20Atlanta%20West&saleDate=1773410400000&liveAuction=false&from=&yardNum=15"
"IN - Indianapolis","https://www.copart.com/saleListResult/44/2026-03-13?location=IN%20-%20Indianapolis&saleDate=1773410400000&liveAuction=false&from=&yardNum=44"
"KY - Walton","https://www.copart.com/saleListResult/138/2026-03-13?location=KY%20-%20Walton&saleDate=1773410400000&liveAuction=false&from=&yardNum=138"
"MA - North Boston","https://www.copart.com/saleListResult/53/2026-03-13?location=MA%20-%20North%20Boston&saleDate=1773410400000&liveAuction=false&from=&yardNum=53"
"ME - Windham","https://www.copart.com/saleListResult/384/2026-03-13?location=ME%20-%20Windham&saleDate=1773410400000&liveAuction=false&from=&yardNum=384"
"MI - Detroit","https://www.copart.com/saleListResult/61/2026-03-13?location=MI%20-%20Detroit&saleDate=1773410400000&liveAuction=false&from=&yardNum=61"
"MI - Ionia","https://www.copart.com/saleListResult/160/2026-03-13?location=MI%20-%20Ionia&saleDate=1773410400000&liveAuction=false&from=&yardNum=160"
"MI - Lansing","https://www.copart.com/saleListResult/103/2026-03-13?location=MI%20-%20Lansing&saleDate=1773410400000&liveAuction=false&from=&yardNum=103"
"NC - Raleigh North","https://www.copart.com/saleListResult/368/2026-03-13?location=NC%20-%20Raleigh%20North&saleDate=1773410400000&liveAuction=false&from=&yardNum=368"
"NJ - Somerville","https://www.copart.com/saleListResult/91/2026-03-13?location=NJ%20-%20Somerville&saleDate=1773410400000&liveAuction=false&from=&yardNum=91"
"OH - Akron","https://www.copart.com/saleListResult/376/2026-03-13?location=OH%20-%20Akron&saleDate=1773410400000&liveAuction=false&from=&yardNum=376"
"OH - Columbus","https://www.copart.com/saleListResult/29/2026-03-13?location=OH%20-%20Columbus&saleDate=1773410400000&liveAuction=false&from=&yardNum=29"
"OH - Dayton","https://www.copart.com/saleListResult/166/2026-03-13?location=OH%20-%20Dayton&saleDate=1773410400000&liveAuction=false&from=&yardNum=166"
"PA - Chambersburg","https://www.copart.com/saleListResult/128/2026-03-13?location=PA%20-%20Chambersburg&saleDate=1773410400000&liveAuction=false&from=&yardNum=128"
"PA - Philadelphia","https://www.copart.com/saleListResult/26/2026-03-13?location=PA%20-%20Philadelphia&saleDate=1773410400000&liveAuction=false&from=&yardNum=26"
"SC - Columbia","https://www.copart.com/saleListResult/56/2026-03-13?location=SC%20-%20Columbia&saleDate=1773410400000&liveAuction=false&from=&yardNum=56"
"VA - Danville","https://www.copart.com/saleListResult/82/2026-03-13?location=VA%20-%20Danville&saleDate=1773410400000&liveAuction=false&from=&yardNum=82"
"VA - Richmond","https://www.copart.com/saleListResult/139/2026-03-13?location=VA%20-%20Richmond&saleDate=1773410400000&liveAuction=false&from=&yardNum=139"
"Heavy Truck, Trailer, Rv Clean Title Sale","https://www.copart.com/saleListResult/833/2026-03-10?location=Heavy%20Truck,%20Trailer,%20Rv%20Clean%20Title%20Sale&saleDate=1773158400000&liveAuction=false&from=&yardNum=833"
"QC - Montreal","https://www.copart.com/saleListResult/205/2026-03-10?location=QC%20-%20Montreal&saleDate=1773158400000&liveAuction=false&from=&yardNum=205"
"Wholesale Auction","https://www.copart.com/saleListResult/855/2026-03-10?location=Wholesale%20Auction&saleDate=1773158400000&liveAuction=false&from=&yardNum=855"
"Medium Duty Specialty Sale","https://www.copart.com/saleListResult/835/2026-03-11?location=Medium%20Duty%20Specialty%20Sale&saleDate=1773244800000&liveAuction=false&from=&yardNum=835"
"Rental Vehicle Sale","https://www.copart.com/saleListResult/838/2026-03-11?location=Rental%20Vehicle%20Sale&saleDate=1773244800000&liveAuction=false&from=&yardNum=838"
"Atlantic Canada Auction","https://www.copart.com/saleListResult/295/2026-03-12?location=Atlantic%20Canada%20Auction&saleDate=1773331200000&liveAuction=false&from=&yardNum=295"
"Heavy Truck, Trailer, Rv Specialty Sale","https://www.copart.com/saleListResult/836/2026-03-12?location=Heavy%20Truck,%20Trailer,%20Rv%20Specialty%20Sale&saleDate=1773331200000&liveAuction=false&from=&yardNum=836"
"Wholesale Auction","https://www.copart.com/saleListResult/855/2026-03-12?location=Wholesale%20Auction&saleDate=1773331200000&liveAuction=false&from=&yardNum=855"
"Equipment Specialty Sale","https://www.copart.com/saleListResult/837/2026-03-13?location=Equipment%20Specialty%20Sale&saleDate=1773417600000&liveAuction=false&from=&yardNum=837"
"AL - Birmingham","https://www.copart.com/saleListResult/136/2026-03-10?location=AL%20-%20Birmingham&saleDate=1773162000000&liveAuction=false&from=&yardNum=136"
"AL - Mobile South","https://www.copart.com/saleListResult/184/2026-03-10?location=AL%20-%20Mobile%20South&saleDate=1773162000000&liveAuction=false&from=&yardNum=184"
"IL - Chicago North","https://www.copart.com/saleListResult/36/2026-03-10?location=IL%20-%20Chicago%20North&saleDate=1773162000000&liveAuction=false&from=&yardNum=36"
"KS - Kansas City","https://www.copart.com/saleListResult/369/2026-03-10?location=KS%20-%20Kansas%20City&saleDate=1773162000000&liveAuction=false&from=&yardNum=369"
"LA - Baton Rouge","https://www.copart.com/saleListResult/50/2026-03-10?location=LA%20-%20Baton%20Rouge&saleDate=1773162000000&liveAuction=false&from=&yardNum=50"
"MN - Minneapolis","https://www.copart.com/saleListResult/37/2026-03-10?location=MN%20-%20Minneapolis&saleDate=1773162000000&liveAuction=false&from=&yardNum=37"
"MN - Minneapolis North","https://www.copart.com/saleListResult/80/2026-03-10?location=MN%20-%20Minneapolis%20North&saleDate=1773162000000&liveAuction=false&from=&yardNum=80"
"MO - Columbia","https://www.copart.com/saleListResult/125/2026-03-10?location=MO%20-%20Columbia&saleDate=1773162000000&liveAuction=false&from=&yardNum=125"
"MO - St. Louis","https://www.copart.com/saleListResult/20/2026-03-10?location=MO%20-%20St.%20Louis&saleDate=1773162000000&liveAuction=false&from=&yardNum=20"
"NE - Lincoln","https://www.copart.com/saleListResult/123/2026-03-10?location=NE%20-%20Lincoln&saleDate=1773162000000&liveAuction=false&from=&yardNum=123"
"OK - Oklahoma City","https://www.copart.com/saleListResult/18/2026-03-10?location=OK%20-%20Oklahoma%20City&saleDate=1773162000000&liveAuction=false&from=&yardNum=18"
"TN - Memphis","https://www.copart.com/saleListResult/22/2026-03-10?location=TN%20-%20Memphis&saleDate=1773162000000&liveAuction=false&from=&yardNum=22"
"TX - Amarillo","https://www.copart.com/saleListResult/95/2026-03-10?location=TX%20-%20Amarillo&saleDate=1773162000000&liveAuction=false&from=&yardNum=95"
"TX - Corpus Christi","https://www.copart.com/saleListResult/96/2026-03-10?location=TX%20-%20Corpus%20Christi&saleDate=1773162000000&liveAuction=false&from=&yardNum=96"
"TX - Ft. Worth","https://www.copart.com/saleListResult/98/2026-03-10?location=TX%20-%20Ft.%20Worth&saleDate=1773162000000&liveAuction=false&from=&yardNum=98"
"TX - Houston","https://www.copart.com/saleListResult/11/2026-03-10?location=TX%20-%20Houston&saleDate=1773162000000&liveAuction=false&from=&yardNum=11"
"WI - Madison South","https://www.copart.com/saleListResult/308/2026-03-10?location=WI%20-%20Madison%20South&saleDate=1773162000000&liveAuction=false&from=&yardNum=308"
"AL - Tanner","https://www.copart.com/saleListResult/66/2026-03-11?location=AL%20-%20Tanner&saleDate=1773248400000&liveAuction=false&from=&yardNum=66"
"AR - Fayetteville","https://www.copart.com/saleListResult/140/2026-03-11?location=AR%20-%20Fayetteville&saleDate=1773248400000&liveAuction=false&from=&yardNum=140"
"AR - Little Rock","https://www.copart.com/saleListResult/21/2026-03-11?location=AR%20-%20Little%20Rock&saleDate=1773248400000&liveAuction=false&from=&yardNum=21"
"Drive Wholesale Canada","https://www.copart.com/saleListResult/292/2026-03-11?location=Drive%20Wholesale%20Canada&saleDate=1773248400000&liveAuction=false&from=&yardNum=292"
"IA - Cedar Rapids","https://www.copart.com/saleListResult/398/2026-03-11?location=IA%20-%20Cedar%20Rapids&saleDate=1773248400000&liveAuction=false&from=&yardNum=398"
"IA - Davenport","https://www.copart.com/saleListResult/169/2026-03-11?location=IA%20-%20Davenport&saleDate=1773248400000&liveAuction=false&from=&yardNum=169"
"IL - Chicago South","https://www.copart.com/saleListResult/81/2026-03-11?location=IL%20-%20Chicago%20South&saleDate=1773248400000&liveAuction=false&from=&yardNum=81"
"IL - Southern Illinois","https://www.copart.com/saleListResult/189/2026-03-11?location=IL%20-%20Southern%20Illinois&saleDate=1773248400000&liveAuction=false&from=&yardNum=189"
"KS - Wichita","https://www.copart.com/saleListResult/67/2026-03-11?location=KS%20-%20Wichita&saleDate=1773248400000&liveAuction=false&from=&yardNum=67"
"LA - New Orleans","https://www.copart.com/saleListResult/79/2026-03-11?location=LA%20-%20New%20Orleans&saleDate=1773248400000&liveAuction=false&from=&yardNum=79"
"MO - Springfield","https://www.copart.com/saleListResult/92/2026-03-11?location=MO%20-%20Springfield&saleDate=1773248400000&liveAuction=false&from=&yardNum=92"
"MS - Grenada","https://www.copart.com/saleListResult/326/2026-03-11?location=MS%20-%20Grenada&saleDate=1773248400000&liveAuction=false&from=&yardNum=326"
"OK - Tulsa","https://www.copart.com/saleListResult/19/2026-03-11?location=OK%20-%20Tulsa&saleDate=1773248400000&liveAuction=false&from=&yardNum=19"
"TN - Nashville","https://www.copart.com/saleListResult/63/2026-03-11?location=TN%20-%20Nashville&saleDate=1773248400000&liveAuction=false&from=&yardNum=63"
"TX - Andrews","https://www.copart.com/saleListResult/185/2026-03-11?location=TX%20-%20Andrews&saleDate=1773248400000&liveAuction=false&from=&yardNum=185"
"TX - McAllen","https://www.copart.com/saleListResult/65/2026-03-11?location=TX%20-%20McAllen&saleDate=1773248400000&liveAuction=false&from=&yardNum=65"
"TX - Waco","https://www.copart.com/saleListResult/182/2026-03-11?location=TX%20-%20Waco&saleDate=1773248400000&liveAuction=false&from=&yardNum=182"
"WI - Milwaukee North","https://www.copart.com/saleListResult/339/2026-03-11?location=WI%20-%20Milwaukee%20North&saleDate=1773248400000&liveAuction=false&from=&yardNum=339"
"CrashedToys Powersport Auction","https://www.copart.com/saleListResult/841/2026-03-12?location=%20CrashedToys%20Powersport%20Auction&saleDate=1773334800000&liveAuction=false&from=&yardNum=841"
"AL - Dothan","https://www.copart.com/saleListResult/341/2026-03-12?location=AL%20-%20Dothan&saleDate=1773334800000&liveAuction=false&from=&yardNum=341"
"AL - Montgomery","https://www.copart.com/saleListResult/145/2026-03-12?location=AL%20-%20Montgomery&saleDate=1773334800000&liveAuction=false&from=&yardNum=145"
"IL - Chicago North","https://www.copart.com/saleListResult/36/2026-03-12?location=IL%20-%20Chicago%20North&saleDate=1773334800000&liveAuction=false&from=&yardNum=36"
"KS - Kansas City","https://www.copart.com/saleListResult/369/2026-03-12?location=KS%20-%20Kansas%20City&saleDate=1773334800000&liveAuction=false&from=&yardNum=369"
"KY - Earlington","https://www.copart.com/saleListResult/345/2026-03-12?location=KY%20-%20Earlington&saleDate=1773334800000&liveAuction=false&from=&yardNum=345"
"LA - Shreveport","https://www.copart.com/saleListResult/84/2026-03-12?location=LA%20-%20Shreveport&saleDate=1773334800000&liveAuction=false&from=&yardNum=84"
"MN - Minneapolis","https://www.copart.com/saleListResult/37/2026-03-12?location=MN%20-%20Minneapolis&saleDate=1773334800000&liveAuction=false&from=&yardNum=37"
"MN - Minneapolis North","https://www.copart.com/saleListResult/80/2026-03-12?location=MN%20-%20Minneapolis%20North&saleDate=1773334800000&liveAuction=false&from=&yardNum=80"
"OK - Oklahoma City","https://www.copart.com/saleListResult/18/2026-03-12?location=OK%20-%20Oklahoma%20City&saleDate=1773334800000&liveAuction=false&from=&yardNum=18"
"TN - Memphis","https://www.copart.com/saleListResult/22/2026-03-12?location=TN%20-%20Memphis&saleDate=1773334800000&liveAuction=false&from=&yardNum=22"
"TX - Austin","https://www.copart.com/saleListResult/62/2026-03-12?location=TX%20-%20Austin&saleDate=1773334800000&liveAuction=false&from=&yardNum=62"
"TX - Dallas","https://www.copart.com/saleListResult/12/2026-03-12?location=TX%20-%20Dallas&saleDate=1773334800000&liveAuction=false&from=&yardNum=12"
"TX - Dallas South","https://www.copart.com/saleListResult/181/2026-03-12?location=TX%20-%20Dallas%20South&saleDate=1773334800000&liveAuction=false&from=&yardNum=181"
"TX - Houston East","https://www.copart.com/saleListResult/357/2026-03-12?location=TX%20-%20Houston%20East&saleDate=1773334800000&liveAuction=false&from=&yardNum=357"
"TX - North Austin","https://www.copart.com/saleListResult/394/2026-03-12?location=TX%20-%20North%20Austin&saleDate=1773334800000&liveAuction=false&from=&yardNum=394"
"TX - San Antonio","https://www.copart.com/saleListResult/74/2026-03-12?location=TX%20-%20San%20Antonio&saleDate=1773334800000&liveAuction=false&from=&yardNum=74"
"IA - Des Moines","https://www.copart.com/saleListResult/60/2026-03-13?location=IA%20-%20Des%20Moines&saleDate=1773421200000&liveAuction=false&from=&yardNum=60"
"IL - Chicago South","https://www.copart.com/saleListResult/81/2026-03-13?location=IL%20-%20Chicago%20South&saleDate=1773421200000&liveAuction=false&from=&yardNum=81"
"LA - Baton Rouge","https://www.copart.com/saleListResult/50/2026-03-13?location=LA%20-%20Baton%20Rouge&saleDate=1773421200000&liveAuction=false&from=&yardNum=50"
"MO - St. Louis","https://www.copart.com/saleListResult/20/2026-03-13?location=MO%20-%20St.%20Louis&saleDate=1773421200000&liveAuction=false&from=&yardNum=20"
"MS - Jackson","https://www.copart.com/saleListResult/40/2026-03-13?location=MS%20-%20Jackson&saleDate=1773421200000&liveAuction=false&from=&yardNum=40"
"OK - Tulsa","https://www.copart.com/saleListResult/19/2026-03-13?location=OK%20-%20Tulsa&saleDate=1773421200000&liveAuction=false&from=&yardNum=19"
"TX - Abilene","https://www.copart.com/saleListResult/73/2026-03-13?location=TX%20-%20Abilene&saleDate=1773421200000&liveAuction=false&from=&yardNum=73"
"TX - Ft. Worth","https://www.copart.com/saleListResult/98/2026-03-13?location=TX%20-%20Ft.%20Worth&saleDate=1773421200000&liveAuction=false&from=&yardNum=98"
"TX - Houston","https://www.copart.com/saleListResult/11/2026-03-13?location=TX%20-%20Houston&saleDate=1773421200000&liveAuction=false&from=&yardNum=11"
"AB - Calgary","https://www.copart.com/saleListResult/203/2026-03-10?location=AB%20-%20Calgary&saleDate=1773165600000&liveAuction=false&from=&yardNum=203"
"AZ - Phoenix North","https://www.copart.com/saleListResult/362/2026-03-10?location=AZ%20-%20Phoenix%20North&saleDate=1773165600000&liveAuction=false&from=&yardNum=362"
"CO - Denver","https://www.copart.com/saleListResult/68/2026-03-10?location=CO%20-%20Denver&saleDate=1773165600000&liveAuction=false&from=&yardNum=68"
"CO - Denver Central","https://www.copart.com/saleListResult/120/2026-03-10?location=CO%20-%20Denver%20Central&saleDate=1773165600000&liveAuction=false&from=&yardNum=120"
"MT - Helena","https://www.copart.com/saleListResult/106/2026-03-10?location=MT%20-%20Helena&saleDate=1773165600000&liveAuction=false&from=&yardNum=106"
"SD - Rapid City","https://www.copart.com/saleListResult/396/2026-03-10?location=SD%20-%20Rapid%20City&saleDate=1773165600000&liveAuction=false&from=&yardNum=396"
"UT - Salt Lake City","https://www.copart.com/saleListResult/336/2026-03-10?location=UT%20-%20Salt%20Lake%20City&saleDate=1773165600000&liveAuction=false&from=&yardNum=336"
"AZ - Phoenix","https://www.copart.com/saleListResult/47/2026-03-11?location=AZ%20-%20Phoenix&saleDate=1773252000000&liveAuction=false&from=&yardNum=47"
"CO - Colorado Springs","https://www.copart.com/saleListResult/118/2026-03-11?location=CO%20-%20Colorado%20Springs&saleDate=1773252000000&liveAuction=false&from=&yardNum=118"
"CO - Denver South","https://www.copart.com/saleListResult/193/2026-03-11?location=CO%20-%20Denver%20South&saleDate=1773252000000&liveAuction=false&from=&yardNum=193"
"WY - Casper","https://www.copart.com/saleListResult/328/2026-03-11?location=WY%20-%20Casper&saleDate=1773252000000&liveAuction=false&from=&yardNum=328"
"AB - Edmonton","https://www.copart.com/saleListResult/204/2026-03-12?location=AB%20-%20Edmonton&saleDate=1773338400000&liveAuction=false&from=&yardNum=204"
"AZ - Phoenix North","https://www.copart.com/saleListResult/362/2026-03-12?location=AZ%20-%20Phoenix%20North&saleDate=1773338400000&liveAuction=false&from=&yardNum=362"
"CO - Denver","https://www.copart.com/saleListResult/68/2026-03-12?location=CO%20-%20Denver&saleDate=1773338400000&liveAuction=false&from=&yardNum=68"
"CO - Denver Central","https://www.copart.com/saleListResult/120/2026-03-12?location=CO%20-%20Denver%20Central&saleDate=1773338400000&liveAuction=false&from=&yardNum=120"
"ID - Boise","https://www.copart.com/saleListResult/72/2026-03-12?location=ID%20-%20Boise&saleDate=1773338400000&liveAuction=false&from=&yardNum=72"
"NM - Albuquerque","https://www.copart.com/saleListResult/75/2026-03-12?location=NM%20-%20Albuquerque&saleDate=1773338400000&liveAuction=false&from=&yardNum=75"
"AZ - Tucson","https://www.copart.com/saleListResult/93/2026-03-13?location=AZ%20-%20Tucson&saleDate=1773424800000&liveAuction=false&from=&yardNum=93"
"TX - El Paso","https://www.copart.com/saleListResult/45/2026-03-13?location=TX%20-%20El%20Paso&saleDate=1773424800000&liveAuction=false&from=&yardNum=45"
"UT - Salt Lake City","https://www.copart.com/saleListResult/336/2026-03-13?location=UT%20-%20Salt%20Lake%20City&saleDate=1773424800000&liveAuction=false&from=&yardNum=336"
"CA - Antelope","https://www.copart.com/saleListResult/151/2026-03-10?location=CA%20-%20Antelope&saleDate=1773169200000&liveAuction=false&from=&yardNum=151"
"CA - Hayward","https://www.copart.com/saleListResult/3/2026-03-10?location=CA%20-%20Hayward&saleDate=1773169200000&liveAuction=false&from=&yardNum=3"
"CA - Rancho Cucamonga","https://www.copart.com/saleListResult/97/2026-03-10?location=CA%20-%20Rancho%20Cucamonga&saleDate=1773169200000&liveAuction=false&from=&yardNum=97"
"CA - Sacramento","https://www.copart.com/saleListResult/2/2026-03-10?location=CA%20-%20Sacramento&saleDate=1773169200000&liveAuction=false&from=&yardNum=2"
"CA - San Diego","https://www.copart.com/saleListResult/59/2026-03-10?location=CA%20-%20San%20Diego&saleDate=1773169200000&liveAuction=false&from=&yardNum=59"
"CA - San Jose","https://www.copart.com/saleListResult/6/2026-03-10?location=CA%20-%20San%20Jose&saleDate=1773169200000&liveAuction=false&from=&yardNum=6"
"CA - Van Nuys","https://www.copart.com/saleListResult/43/2026-03-10?location=CA%20-%20Van%20Nuys&saleDate=1773169200000&liveAuction=false&from=&yardNum=43"
"NV - Las Vegas","https://www.copart.com/saleListResult/57/2026-03-10?location=NV%20-%20Las%20Vegas&saleDate=1773169200000&liveAuction=false&from=&yardNum=57"
"OR - Eugene","https://www.copart.com/saleListResult/104/2026-03-10?location=OR%20-%20Eugene&saleDate=1773169200000&liveAuction=false&from=&yardNum=104"
"WA - Spanaway","https://www.copart.com/saleListResult/337/2026-03-10?location=WA%20-%20Spanaway&saleDate=1773169200000&liveAuction=false&from=&yardNum=337"
"CA - Long Beach","https://www.copart.com/saleListResult/186/2026-03-11?location=CA%20-%20Long%20Beach&saleDate=1773255600000&liveAuction=false&from=&yardNum=186"
"CA - Martinez","https://www.copart.com/saleListResult/78/2026-03-11?location=CA%20-%20Martinez&saleDate=1773255600000&liveAuction=false&from=&yardNum=78"
"CA - Mentone","https://www.copart.com/saleListResult/367/2026-03-11?location=CA%20-%20Mentone&saleDate=1773255600000&liveAuction=false&from=&yardNum=367"
"CA - Sun Valley","https://www.copart.com/saleListResult/180/2026-03-11?location=CA%20-%20Sun%20Valley&saleDate=1773255600000&liveAuction=false&from=&yardNum=180"
"NV - Las Vegas West","https://www.copart.com/saleListResult/133/2026-03-11?location=NV%20-%20Las%20Vegas%20West&saleDate=1773255600000&liveAuction=false&from=&yardNum=133"
"OR - Portland North","https://www.copart.com/saleListResult/9/2026-03-11?location=OR%20-%20Portland%20North&saleDate=1773255600000&liveAuction=false&from=&yardNum=9"
"WA - Spokane","https://www.copart.com/saleListResult/116/2026-03-11?location=WA%20-%20Spokane&saleDate=1773255600000&liveAuction=false&from=&yardNum=116"
"CA - American Canyon","https://www.copart.com/saleListResult/190/2026-03-12?location=CA%20-%20American%20Canyon&saleDate=1773342000000&liveAuction=false&from=&yardNum=190"
"CA - Antelope","https://www.copart.com/saleListResult/151/2026-03-12?location=CA%20-%20Antelope&saleDate=1773342000000&liveAuction=false&from=&yardNum=151"
"CA - Fresno","https://www.copart.com/saleListResult/4/2026-03-12?location=CA%20-%20Fresno&saleDate=1773342000000&liveAuction=false&from=&yardNum=4"
"CA - Hayward","https://www.copart.com/saleListResult/3/2026-03-12?location=CA%20-%20Hayward&saleDate=1773342000000&liveAuction=false&from=&yardNum=3"
"CA - Los Angeles","https://www.copart.com/saleListResult/10/2026-03-12?location=CA%20-%20Los%20Angeles&saleDate=1773342000000&liveAuction=false&from=&yardNum=10"
"CA - Rancho Cucamonga","https://www.copart.com/saleListResult/97/2026-03-12?location=CA%20-%20Rancho%20Cucamonga&saleDate=1773342000000&liveAuction=false&from=&yardNum=97"
"CA - Sacramento","https://www.copart.com/saleListResult/2/2026-03-12?location=CA%20-%20Sacramento&saleDate=1773342000000&liveAuction=false&from=&yardNum=2"
"CA - San Bernardino","https://www.copart.com/saleListResult/7/2026-03-12?location=CA%20-%20San%20Bernardino&saleDate=1773342000000&liveAuction=false&from=&yardNum=7"
"CA - San Jose","https://www.copart.com/saleListResult/6/2026-03-12?location=CA%20-%20San%20Jose&saleDate=1773342000000&liveAuction=false&from=&yardNum=6"
"CA - So Sacramento","https://www.copart.com/saleListResult/16/2026-03-12?location=CA%20-%20So%20Sacramento&saleDate=1773342000000&liveAuction=false&from=&yardNum=16"
"NV - Las Vegas","https://www.copart.com/saleListResult/57/2026-03-12?location=NV%20-%20Las%20Vegas&saleDate=1773342000000&liveAuction=false&from=&yardNum=57"
"NV - Reno","https://www.copart.com/saleListResult/100/2026-03-12?location=NV%20-%20Reno&saleDate=1773342000000&liveAuction=false&from=&yardNum=100"
"CA - Bakersfield","https://www.copart.com/saleListResult/5/2026-03-13?location=CA%20-%20Bakersfield&saleDate=1773428400000&liveAuction=false&from=&yardNum=5"
"CA - Long Beach","https://www.copart.com/saleListResult/186/2026-03-13?location=CA%20-%20Long%20Beach&saleDate=1773428400000&liveAuction=false&from=&yardNum=186"
"CA - Redding","https://www.copart.com/saleListResult/343/2026-03-13?location=CA%20-%20Redding&saleDate=1773428400000&liveAuction=false&from=&yardNum=343"
"CA - San Diego","https://www.copart.com/saleListResult/59/2026-03-13?location=CA%20-%20San%20Diego&saleDate=1773428400000&liveAuction=false&from=&yardNum=59"
"CA - Vallejo","https://www.copart.com/saleListResult/1/2026-03-13?location=CA%20-%20Vallejo&saleDate=1773428400000&liveAuction=false&from=&yardNum=1"
"CA - Van Nuys","https://www.copart.com/saleListResult/43/2026-03-13?location=CA%20-%20Van%20Nuys&saleDate=1773428400000&liveAuction=false&from=&yardNum=43"
"Connecticut Friday Sale","https://www.copart.com/saleListResult/850/2026-03-13?location=Connecticut%20Friday%20Sale&saleDate=1773428400000&liveAuction=false&from=&yardNum=850"
"WA - Pasco","https://www.copart.com/saleListResult/71/2026-03-13?location=WA%20-%20Pasco&saleDate=1773428400000&liveAuction=false&from=&yardNum=71"
"WA - Spanaway","https://www.copart.com/saleListResult/337/2026-03-13?location=WA%20-%20Spanaway&saleDate=1773428400000&liveAuction=false&from=&yardNum=337"
"AK - Anchorage","https://www.copart.com/saleListResult/113/2026-03-17?location=AK%20-%20Anchorage&saleDate=1773777600000&liveAuction=false&from=&yardNum=113"
"HI - Honolulu","https://www.copart.com/saleListResult/110/2026-03-16?location=HI%20-%20Honolulu&saleDate=1773698400000&liveAuction=false&from=&yardNum=110"
"FL - Clewiston","https://www.copart.com/saleListResult/366/2026-03-16?location=FL%20-%20Clewiston&saleDate=1773669600000&liveAuction=false&from=&yardNum=366"
"FL - Jacksonville North","https://www.copart.com/saleListResult/163/2026-03-16?location=FL%20-%20Jacksonville%20North&saleDate=1773669600000&liveAuction=false&from=&yardNum=163"
"FL - Miami Central","https://www.copart.com/saleListResult/105/2026-03-16?location=FL%20-%20Miami%20Central&saleDate=1773669600000&liveAuction=false&from=&yardNum=105"
"FL - Orlando North","https://www.copart.com/saleListResult/153/2026-03-16?location=FL%20-%20Orlando%20North&saleDate=1773669600000&liveAuction=false&from=&yardNum=153"
"GA - Atlanta East","https://www.copart.com/saleListResult/107/2026-03-16?location=GA%20-%20Atlanta%20East&saleDate=1773669600000&liveAuction=false&from=&yardNum=107"
"GA - Fairburn","https://www.copart.com/saleListResult/173/2026-03-16?location=GA%20-%20Fairburn&saleDate=1773669600000&liveAuction=false&from=&yardNum=173"
"GA - Savannah","https://www.copart.com/saleListResult/87/2026-03-16?location=GA%20-%20Savannah&saleDate=1773669600000&liveAuction=false&from=&yardNum=87"
"IN - Fort Wayne","https://www.copart.com/saleListResult/360/2026-03-16?location=IN%20-%20Fort%20Wayne&saleDate=1773669600000&liveAuction=false&from=&yardNum=360"
"KY - Lexington East","https://www.copart.com/saleListResult/115/2026-03-16?location=KY%20-%20Lexington%20East&saleDate=1773669600000&liveAuction=false&from=&yardNum=115"
"KY - Louisville","https://www.copart.com/saleListResult/143/2026-03-16?location=KY%20-%20Louisville&saleDate=1773669600000&liveAuction=false&from=&yardNum=143"
"MA - South Boston","https://www.copart.com/saleListResult/27/2026-03-16?location=MA%20-%20South%20Boston&saleDate=1773669600000&liveAuction=false&from=&yardNum=27"
"MD - Baltimore","https://www.copart.com/saleListResult/102/2026-03-16?location=MD%20-%20Baltimore&saleDate=1773669600000&liveAuction=false&from=&yardNum=102"
"NC - China Grove","https://www.copart.com/saleListResult/41/2026-03-16?location=NC%20-%20China%20Grove&saleDate=1773669600000&liveAuction=false&from=&yardNum=41"
"NC - Lumberton","https://www.copart.com/saleListResult/338/2026-03-16?location=NC%20-%20Lumberton&saleDate=1773669600000&liveAuction=false&from=&yardNum=338"
"NJ - Trenton","https://www.copart.com/saleListResult/135/2026-03-16?location=NJ%20-%20Trenton&saleDate=1773669600000&liveAuction=false&from=&yardNum=135"
"NY - Albany","https://www.copart.com/saleListResult/94/2026-03-16?location=NY%20-%20Albany&saleDate=1773669600000&liveAuction=false&from=&yardNum=94"
"NY - Buffalo","https://www.copart.com/saleListResult/344/2026-03-16?location=NY%20-%20Buffalo&saleDate=1773669600000&liveAuction=false&from=&yardNum=344"
"NY - Long Island","https://www.copart.com/saleListResult/30/2026-03-16?location=NY%20-%20Long%20Island&saleDate=1773669600000&liveAuction=false&from=&yardNum=30"
"NY - Rochester","https://www.copart.com/saleListResult/35/2026-03-16?location=NY%20-%20Rochester&saleDate=1773669600000&liveAuction=false&from=&yardNum=35"
"NY - Syracuse","https://www.copart.com/saleListResult/25/2026-03-16?location=NY%20-%20Syracuse&saleDate=1773669600000&liveAuction=false&from=&yardNum=25"
"OH - Cleveland West","https://www.copart.com/saleListResult/112/2026-03-16?location=OH%20-%20Cleveland%20West&saleDate=1773669600000&liveAuction=false&from=&yardNum=112"
"PA - Philadelphia East","https://www.copart.com/saleListResult/164/2026-03-16?location=PA%20-%20Philadelphia%20East&saleDate=1773669600000&liveAuction=false&from=&yardNum=164"
"PA - York Haven","https://www.copart.com/saleListResult/127/2026-03-16?location=PA%20-%20York%20Haven&saleDate=1773669600000&liveAuction=false&from=&yardNum=127"
"SC - North Charleston","https://www.copart.com/saleListResult/197/2026-03-16?location=SC%20-%20North%20Charleston&saleDate=1773669600000&liveAuction=false&from=&yardNum=197"
"SC - Spartanburg","https://www.copart.com/saleListResult/144/2026-03-16?location=SC%20-%20Spartanburg&saleDate=1773669600000&liveAuction=false&from=&yardNum=144"
"VA - Richmond East","https://www.copart.com/saleListResult/101/2026-03-16?location=VA%20-%20Richmond%20East&saleDate=1773669600000&liveAuction=false&from=&yardNum=101"
"VT - Rutland","https://www.copart.com/saleListResult/395/2026-03-16?location=VT%20-%20Rutland&saleDate=1773669600000&liveAuction=false&from=&yardNum=395"
"CT - Hartford","https://www.copart.com/saleListResult/23/2026-03-17?location=CT%20-%20Hartford&saleDate=1773756000000&liveAuction=false&from=&yardNum=23"
"DC - Washington DC","https://www.copart.com/saleListResult/32/2026-03-17?location=DC%20-%20Washington%20DC&saleDate=1773756000000&liveAuction=false&from=&yardNum=32"
"DE - Seaford","https://www.copart.com/saleListResult/130/2026-03-17?location=DE%20-%20Seaford&saleDate=1773756000000&liveAuction=false&from=&yardNum=130"
"FL - Miami North","https://www.copart.com/saleListResult/33/2026-03-17?location=FL%20-%20Miami%20North&saleDate=1773756000000&liveAuction=false&from=&yardNum=33"
"FL - Ocala","https://www.copart.com/saleListResult/108/2026-03-17?location=FL%20-%20Ocala&saleDate=1773756000000&liveAuction=false&from=&yardNum=108"
"FL - Punta Gorda","https://www.copart.com/saleListResult/348/2026-03-17?location=FL%20-%20Punta%20Gorda&saleDate=1773756000000&liveAuction=false&from=&yardNum=348"
"FL - Tampa South","https://www.copart.com/saleListResult/34/2026-03-17?location=FL%20-%20Tampa%20South&saleDate=1773756000000&liveAuction=false&from=&yardNum=34"
"FL - West Palm Beach","https://www.copart.com/saleListResult/70/2026-03-17?location=FL%20-%20West%20Palm%20Beach&saleDate=1773756000000&liveAuction=false&from=&yardNum=70"
"GA - Atlanta South","https://www.copart.com/saleListResult/146/2026-03-17?location=GA%20-%20Atlanta%20South&saleDate=1773756000000&liveAuction=false&from=&yardNum=146"
"GA - Augusta","https://www.copart.com/saleListResult/359/2026-03-17?location=GA%20-%20Augusta&saleDate=1773756000000&liveAuction=false&from=&yardNum=359"
"GA - Tifton","https://www.copart.com/saleListResult/88/2026-03-17?location=GA%20-%20Tifton&saleDate=1773756000000&liveAuction=false&from=&yardNum=88"
"IN - Cicero","https://www.copart.com/saleListResult/170/2026-03-17?location=IN%20-%20Cicero&saleDate=1773756000000&liveAuction=false&from=&yardNum=170"
"IN - Indianapolis","https://www.copart.com/saleListResult/44/2026-03-17?location=IN%20-%20Indianapolis&saleDate=1773756000000&liveAuction=false&from=&yardNum=44"
"MI - Detroit","https://www.copart.com/saleListResult/61/2026-03-17?location=MI%20-%20Detroit&saleDate=1773756000000&liveAuction=false&from=&yardNum=61"
"NH - Candia","https://www.copart.com/saleListResult/155/2026-03-17?location=NH%20-%20Candia&saleDate=1773756000000&liveAuction=false&from=&yardNum=155"
"NJ - Glassboro East","https://www.copart.com/saleListResult/31/2026-03-17?location=NJ%20-%20Glassboro%20East&saleDate=1773756000000&liveAuction=false&from=&yardNum=31"
"NJ - Glassboro West","https://www.copart.com/saleListResult/69/2026-03-17?location=NJ%20-%20Glassboro%20West&saleDate=1773756000000&liveAuction=false&from=&yardNum=69"
"NY - Newburgh","https://www.copart.com/saleListResult/24/2026-03-17?location=NY%20-%20Newburgh&saleDate=1773756000000&liveAuction=false&from=&yardNum=24"
"Ontario Auction","https://www.copart.com/saleListResult/294/2026-03-17?location=Ontario%20Auction&saleDate=1773756000000&liveAuction=false&from=&yardNum=294"
"PA - Harrisburg","https://www.copart.com/saleListResult/76/2026-03-17?location=PA%20-%20Harrisburg&saleDate=1773756000000&liveAuction=false&from=&yardNum=76"
"PA - Philadelphia","https://www.copart.com/saleListResult/26/2026-03-17?location=PA%20-%20Philadelphia&saleDate=1773756000000&liveAuction=false&from=&yardNum=26"
"TN - Knoxville","https://www.copart.com/saleListResult/114/2026-03-17?location=TN%20-%20Knoxville&saleDate=1773756000000&liveAuction=false&from=&yardNum=114"
"VA - Hampton","https://www.copart.com/saleListResult/162/2026-03-17?location=VA%20-%20Hampton&saleDate=1773756000000&liveAuction=false&from=&yardNum=162"
"FL - Ft. Pierce","https://www.copart.com/saleListResult/86/2026-03-18?location=FL%20-%20Ft.%20Pierce&saleDate=1773842400000&liveAuction=false&from=&yardNum=86"
"FL - Jacksonville North","https://www.copart.com/saleListResult/163/2026-03-18?location=FL%20-%20Jacksonville%20North&saleDate=1773842400000&liveAuction=false&from=&yardNum=163"
"FL - Orlando North","https://www.copart.com/saleListResult/153/2026-03-18?location=FL%20-%20Orlando%20North&saleDate=1773842400000&liveAuction=false&from=&yardNum=153"
"GA - Atlanta North","https://www.copart.com/saleListResult/157/2026-03-18?location=GA%20-%20Atlanta%20North&saleDate=1773842400000&liveAuction=false&from=&yardNum=157"
"KY - Lexington West","https://www.copart.com/saleListResult/83/2026-03-18?location=KY%20-%20Lexington%20West&saleDate=1773842400000&liveAuction=false&from=&yardNum=83"
"MA - Freetown","https://www.copart.com/saleListResult/361/2026-03-18?location=MA%20-%20Freetown&saleDate=1773842400000&liveAuction=false&from=&yardNum=361"
"MA - West Warren","https://www.copart.com/saleListResult/149/2026-03-18?location=MA%20-%20West%20Warren&saleDate=1773842400000&liveAuction=false&from=&yardNum=149"
"ME - Windham","https://www.copart.com/saleListResult/384/2026-03-18?location=ME%20-%20Windham&saleDate=1773842400000&liveAuction=false&from=&yardNum=384"
"MI - Flint","https://www.copart.com/saleListResult/159/2026-03-18?location=MI%20-%20Flint&saleDate=1773842400000&liveAuction=false&from=&yardNum=159"
"NC - Gastonia","https://www.copart.com/saleListResult/340/2026-03-18?location=NC%20-%20Gastonia&saleDate=1773842400000&liveAuction=false&from=&yardNum=340"
"NC - Mebane","https://www.copart.com/saleListResult/154/2026-03-18?location=NC%20-%20Mebane&saleDate=1773842400000&liveAuction=false&from=&yardNum=154"
"NJ - Trenton","https://www.copart.com/saleListResult/135/2026-03-18?location=NJ%20-%20Trenton&saleDate=1773842400000&liveAuction=false&from=&yardNum=135"
"NY - Albany","https://www.copart.com/saleListResult/94/2026-03-18?location=NY%20-%20Albany&saleDate=1773842400000&liveAuction=false&from=&yardNum=94"
"NY - Long Island","https://www.copart.com/saleListResult/30/2026-03-18?location=NY%20-%20Long%20Island&saleDate=1773842400000&liveAuction=false&from=&yardNum=30"
"NY - Syracuse","https://www.copart.com/saleListResult/25/2026-03-18?location=NY%20-%20Syracuse&saleDate=1773842400000&liveAuction=false&from=&yardNum=25"
"PA - Philadelphia East","https://www.copart.com/saleListResult/164/2026-03-18?location=PA%20-%20Philadelphia%20East&saleDate=1773842400000&liveAuction=false&from=&yardNum=164"
"PA - Pittsburgh South","https://www.copart.com/saleListResult/85/2026-03-18?location=PA%20-%20Pittsburgh%20South&saleDate=1773842400000&liveAuction=false&from=&yardNum=85"
"PA - Pittsburgh West","https://www.copart.com/saleListResult/174/2026-03-18?location=PA%20-%20Pittsburgh%20West&saleDate=1773842400000&liveAuction=false&from=&yardNum=174"
"PA - Scranton","https://www.copart.com/saleListResult/142/2026-03-18?location=PA%20-%20Scranton&saleDate=1773842400000&liveAuction=false&from=&yardNum=142"
"VA - Fredericksburg","https://www.copart.com/saleListResult/194/2026-03-18?location=VA%20-%20Fredericksburg&saleDate=1773842400000&liveAuction=false&from=&yardNum=194"
"NY - Newburgh","https://www.copart.com/saleListResult/24/2026-03-19?location=NY%20-%20Newburgh&saleDate=1773928800000&liveAuction=false&from=&yardNum=24"
"Ontario Auction","https://www.copart.com/saleListResult/294/2026-03-19?location=Ontario%20Auction&saleDate=1773928800000&liveAuction=false&from=&yardNum=294"
"PA - York Haven","https://www.copart.com/saleListResult/127/2026-03-19?location=PA%20-%20York%20Haven&saleDate=1773928800000&liveAuction=false&from=&yardNum=127"
"MI - Detroit","https://www.copart.com/saleListResult/61/2026-03-20?location=MI%20-%20Detroit&saleDate=1774015200000&liveAuction=false&from=&yardNum=61"
"MI - Ionia","https://www.copart.com/saleListResult/160/2026-03-20?location=MI%20-%20Ionia&saleDate=1774015200000&liveAuction=false&from=&yardNum=160"
"OH - Dayton","https://www.copart.com/saleListResult/166/2026-03-20?location=OH%20-%20Dayton&saleDate=1774015200000&liveAuction=false&from=&yardNum=166"
"SC - Columbia","https://www.copart.com/saleListResult/56/2026-03-20?location=SC%20-%20Columbia&saleDate=1774015200000&liveAuction=false&from=&yardNum=56"
"VA - Richmond","https://www.copart.com/saleListResult/139/2026-03-20?location=VA%20-%20Richmond&saleDate=1774015200000&liveAuction=false&from=&yardNum=139"
"Medium Duty Clean Title Sale","https://www.copart.com/saleListResult/832/2026-03-16?location=Medium%20Duty%20Clean%20Title%20Sale&saleDate=1773676800000&liveAuction=false&from=&yardNum=832"
"Rental Vehicle Sale","https://www.copart.com/saleListResult/838/2026-03-16?location=Rental%20Vehicle%20Sale&saleDate=1773676800000&liveAuction=false&from=&yardNum=838"
"Heavy Truck, Trailer, Rv Clean Title Sale","https://www.copart.com/saleListResult/833/2026-03-17?location=Heavy%20Truck,%20Trailer,%20Rv%20Clean%20Title%20Sale&saleDate=1773763200000&liveAuction=false&from=&yardNum=833"
"QC - Montreal","https://www.copart.com/saleListResult/205/2026-03-17?location=QC%20-%20Montreal&saleDate=1773763200000&liveAuction=false&from=&yardNum=205"
"Wholesale Auction","https://www.copart.com/saleListResult/855/2026-03-17?location=Wholesale%20Auction&saleDate=1773763200000&liveAuction=false&from=&yardNum=855"
"Medium Duty Specialty Sale","https://www.copart.com/saleListResult/835/2026-03-18?location=Medium%20Duty%20Specialty%20Sale&saleDate=1773849600000&liveAuction=false&from=&yardNum=835"
"Atlantic Canada Auction","https://www.copart.com/saleListResult/295/2026-03-19?location=Atlantic%20Canada%20Auction&saleDate=1773936000000&liveAuction=false&from=&yardNum=295"
"Heavy Truck, Trailer, Rv Specialty Sale","https://www.copart.com/saleListResult/836/2026-03-19?location=Heavy%20Truck,%20Trailer,%20Rv%20Specialty%20Sale&saleDate=1773936000000&liveAuction=false&from=&yardNum=836"
"Wholesale Auction","https://www.copart.com/saleListResult/855/2026-03-19?location=Wholesale%20Auction&saleDate=1773936000000&liveAuction=false&from=&yardNum=855"
"Equipment Specialty Sale","https://www.copart.com/saleListResult/837/2026-03-20?location=Equipment%20Specialty%20Sale&saleDate=1774022400000&liveAuction=false&from=&yardNum=837"
"AL - Mobile","https://www.copart.com/saleListResult/58/2026-03-16?location=AL%20-%20Mobile&saleDate=1773680400000&liveAuction=false&from=&yardNum=58"
"AR - Fayetteville","https://www.copart.com/saleListResult/140/2026-03-16?location=AR%20-%20Fayetteville&saleDate=1773680400000&liveAuction=false&from=&yardNum=140"
"AR - Little Rock","https://www.copart.com/saleListResult/21/2026-03-16?location=AR%20-%20Little%20Rock&saleDate=1773680400000&liveAuction=false&from=&yardNum=21"
"IL - Peoria","https://www.copart.com/saleListResult/51/2026-03-16?location=IL%20-%20Peoria&saleDate=1773680400000&liveAuction=false&from=&yardNum=51"
"IL - Southern Illinois","https://www.copart.com/saleListResult/189/2026-03-16?location=IL%20-%20Southern%20Illinois&saleDate=1773680400000&liveAuction=false&from=&yardNum=189"
"IL - Wheeling","https://www.copart.com/saleListResult/156/2026-03-16?location=IL%20-%20Wheeling&saleDate=1773680400000&liveAuction=false&from=&yardNum=156"
"IN - Dyer","https://www.copart.com/saleListResult/370/2026-03-16?location=IN%20-%20Dyer&saleDate=1773680400000&liveAuction=false&from=&yardNum=370"
"KS - Wichita","https://www.copart.com/saleListResult/67/2026-03-16?location=KS%20-%20Wichita&saleDate=1773680400000&liveAuction=false&from=&yardNum=67"
"MN - St. Cloud","https://www.copart.com/saleListResult/52/2026-03-16?location=MN%20-%20St.%20Cloud&saleDate=1773680400000&liveAuction=false&from=&yardNum=52"
"MO - Sikeston","https://www.copart.com/saleListResult/141/2026-03-16?location=MO%20-%20Sikeston&saleDate=1773680400000&liveAuction=false&from=&yardNum=141"
"TN - Nashville","https://www.copart.com/saleListResult/63/2026-03-16?location=TN%20-%20Nashville&saleDate=1773680400000&liveAuction=false&from=&yardNum=63"
"TX - Dallas","https://www.copart.com/saleListResult/12/2026-03-16?location=TX%20-%20Dallas&saleDate=1773680400000&liveAuction=false&from=&yardNum=12"
"TX - Dallas South","https://www.copart.com/saleListResult/181/2026-03-16?location=TX%20-%20Dallas%20South&saleDate=1773680400000&liveAuction=false&from=&yardNum=181"
"TX - Houston East","https://www.copart.com/saleListResult/357/2026-03-16?location=TX%20-%20Houston%20East&saleDate=1773680400000&liveAuction=false&from=&yardNum=357"
"TX - Longview","https://www.copart.com/saleListResult/14/2026-03-16?location=TX%20-%20Longview&saleDate=1773680400000&liveAuction=false&from=&yardNum=14"
"TX - Lufkin","https://www.copart.com/saleListResult/13/2026-03-16?location=TX%20-%20Lufkin&saleDate=1773680400000&liveAuction=false&from=&yardNum=13"
"WI - Appleton","https://www.copart.com/saleListResult/191/2026-03-16?location=WI%20-%20Appleton&saleDate=1773680400000&liveAuction=false&from=&yardNum=191"
"WI - Milwaukee South","https://www.copart.com/saleListResult/371/2026-03-16?location=WI%20-%20Milwaukee%20South&saleDate=1773680400000&liveAuction=false&from=&yardNum=371"
"AL - Birmingham","https://www.copart.com/saleListResult/136/2026-03-17?location=AL%20-%20Birmingham&saleDate=1773766800000&liveAuction=false&from=&yardNum=136"
"AL - Mobile South","https://www.copart.com/saleListResult/184/2026-03-17?location=AL%20-%20Mobile%20South&saleDate=1773766800000&liveAuction=false&from=&yardNum=184"
"IL - Chicago North","https://www.copart.com/saleListResult/36/2026-03-17?location=IL%20-%20Chicago%20North&saleDate=1773766800000&liveAuction=false&from=&yardNum=36"
"KS - Kansas City","https://www.copart.com/saleListResult/369/2026-03-17?location=KS%20-%20Kansas%20City&saleDate=1773766800000&liveAuction=false&from=&yardNum=369"
"LA - Baton Rouge","https://www.copart.com/saleListResult/50/2026-03-17?location=LA%20-%20Baton%20Rouge&saleDate=1773766800000&liveAuction=false&from=&yardNum=50"
"MN - Minneapolis North","https://www.copart.com/saleListResult/80/2026-03-17?location=MN%20-%20Minneapolis%20North&saleDate=1773766800000&liveAuction=false&from=&yardNum=80"
"MO - Columbia","https://www.copart.com/saleListResult/125/2026-03-17?location=MO%20-%20Columbia&saleDate=1773766800000&liveAuction=false&from=&yardNum=125"
"MO - St. Louis","https://www.copart.com/saleListResult/20/2026-03-17?location=MO%20-%20St.%20Louis&saleDate=1773766800000&liveAuction=false&from=&yardNum=20"
"NE - Lincoln","https://www.copart.com/saleListResult/123/2026-03-17?location=NE%20-%20Lincoln&saleDate=1773766800000&liveAuction=false&from=&yardNum=123"
"OK - Oklahoma City","https://www.copart.com/saleListResult/18/2026-03-17?location=OK%20-%20Oklahoma%20City&saleDate=1773766800000&liveAuction=false&from=&yardNum=18"
"TN - Memphis","https://www.copart.com/saleListResult/22/2026-03-17?location=TN%20-%20Memphis&saleDate=1773766800000&liveAuction=false&from=&yardNum=22"
"TX - Amarillo","https://www.copart.com/saleListResult/95/2026-03-17?location=TX%20-%20Amarillo&saleDate=1773766800000&liveAuction=false&from=&yardNum=95"
"TX - Corpus Christi","https://www.copart.com/saleListResult/96/2026-03-17?location=TX%20-%20Corpus%20Christi&saleDate=1773766800000&liveAuction=false&from=&yardNum=96"
"TX - Ft. Worth","https://www.copart.com/saleListResult/98/2026-03-17?location=TX%20-%20Ft.%20Worth&saleDate=1773766800000&liveAuction=false&from=&yardNum=98"
"TX - Houston","https://www.copart.com/saleListResult/11/2026-03-17?location=TX%20-%20Houston&saleDate=1773766800000&liveAuction=false&from=&yardNum=11"
"WI - Madison South","https://www.copart.com/saleListResult/308/2026-03-17?location=WI%20-%20Madison%20South&saleDate=1773766800000&liveAuction=false&from=&yardNum=308"
"AL - Tanner","https://www.copart.com/saleListResult/66/2026-03-18?location=AL%20-%20Tanner&saleDate=1773853200000&liveAuction=false&from=&yardNum=66"
"AR - Fayetteville","https://www.copart.com/saleListResult/140/2026-03-18?location=AR%20-%20Fayetteville&saleDate=1773853200000&liveAuction=false&from=&yardNum=140"
"Drive Wholesale Canada","https://www.copart.com/saleListResult/292/2026-03-18?location=Drive%20Wholesale%20Canada&saleDate=1773853200000&liveAuction=false&from=&yardNum=292"
"IA - Cedar Rapids","https://www.copart.com/saleListResult/398/2026-03-18?location=IA%20-%20Cedar%20Rapids&saleDate=1773853200000&liveAuction=false&from=&yardNum=398"
"IL - Chicago South","https://www.copart.com/saleListResult/81/2026-03-18?location=IL%20-%20Chicago%20South&saleDate=1773853200000&liveAuction=false&from=&yardNum=81"
"IL - Southern Illinois","https://www.copart.com/saleListResult/189/2026-03-18?location=IL%20-%20Southern%20Illinois&saleDate=1773853200000&liveAuction=false&from=&yardNum=189"
"LA - New Orleans","https://www.copart.com/saleListResult/79/2026-03-18?location=LA%20-%20New%20Orleans&saleDate=1773853200000&liveAuction=false&from=&yardNum=79"
"MO - Springfield","https://www.copart.com/saleListResult/92/2026-03-18?location=MO%20-%20Springfield&saleDate=1773853200000&liveAuction=false&from=&yardNum=92"
"MS - Grenada","https://www.copart.com/saleListResult/326/2026-03-18?location=MS%20-%20Grenada&saleDate=1773853200000&liveAuction=false&from=&yardNum=326"
"OK - Tulsa","https://www.copart.com/saleListResult/19/2026-03-18?location=OK%20-%20Tulsa&saleDate=1773853200000&liveAuction=false&from=&yardNum=19"
"TX - Andrews","https://www.copart.com/saleListResult/185/2026-03-18?location=TX%20-%20Andrews&saleDate=1773853200000&liveAuction=false&from=&yardNum=185"
"TX - McAllen","https://www.copart.com/saleListResult/65/2026-03-18?location=TX%20-%20McAllen&saleDate=1773853200000&liveAuction=false&from=&yardNum=65"
"TX - Waco","https://www.copart.com/saleListResult/182/2026-03-18?location=TX%20-%20Waco&saleDate=1773853200000&liveAuction=false&from=&yardNum=182"
"AL - Dothan","https://www.copart.com/saleListResult/341/2026-03-19?location=AL%20-%20Dothan&saleDate=1773939600000&liveAuction=false&from=&yardNum=341"
"KY - Earlington","https://www.copart.com/saleListResult/345/2026-03-19?location=KY%20-%20Earlington&saleDate=1773939600000&liveAuction=false&from=&yardNum=345"
"LA - Shreveport","https://www.copart.com/saleListResult/84/2026-03-19?location=LA%20-%20Shreveport&saleDate=1773939600000&liveAuction=false&from=&yardNum=84"
"TN - Memphis","https://www.copart.com/saleListResult/22/2026-03-19?location=TN%20-%20Memphis&saleDate=1773939600000&liveAuction=false&from=&yardNum=22"
"TX - Austin","https://www.copart.com/saleListResult/62/2026-03-19?location=TX%20-%20Austin&saleDate=1773939600000&liveAuction=false&from=&yardNum=62"
"TX - North Austin","https://www.copart.com/saleListResult/394/2026-03-19?location=TX%20-%20North%20Austin&saleDate=1773939600000&liveAuction=false&from=&yardNum=394"
"IA - Des Moines","https://www.copart.com/saleListResult/60/2026-03-20?location=IA%20-%20Des%20Moines&saleDate=1774026000000&liveAuction=false&from=&yardNum=60"
"MO - St. Louis","https://www.copart.com/saleListResult/20/2026-03-20?location=MO%20-%20St.%20Louis&saleDate=1774026000000&liveAuction=false&from=&yardNum=20"
"TX - Houston","https://www.copart.com/saleListResult/11/2026-03-20?location=TX%20-%20Houston&saleDate=1774026000000&liveAuction=false&from=&yardNum=11"
"AZ - Phoenix","https://www.copart.com/saleListResult/47/2026-03-16?location=AZ%20-%20Phoenix&saleDate=1773684000000&liveAuction=false&from=&yardNum=47"
"CO - Colorado Springs","https://www.copart.com/saleListResult/118/2026-03-16?location=CO%20-%20Colorado%20Springs&saleDate=1773684000000&liveAuction=false&from=&yardNum=118"
"CO - Denver South","https://www.copart.com/saleListResult/193/2026-03-16?location=CO%20-%20Denver%20South&saleDate=1773684000000&liveAuction=false&from=&yardNum=193"
"MT - Billings","https://www.copart.com/saleListResult/122/2026-03-16?location=MT%20-%20Billings&saleDate=1773684000000&liveAuction=false&from=&yardNum=122"
"NM - Albuquerque","https://www.copart.com/saleListResult/75/2026-03-16?location=NM%20-%20Albuquerque&saleDate=1773684000000&liveAuction=false&from=&yardNum=75"
"UT - Ogden","https://www.copart.com/saleListResult/188/2026-03-16?location=UT%20-%20Ogden&saleDate=1773684000000&liveAuction=false&from=&yardNum=188"
"AB - Calgary","https://www.copart.com/saleListResult/203/2026-03-17?location=AB%20-%20Calgary&saleDate=1773770400000&liveAuction=false&from=&yardNum=203"
"CO - Denver","https://www.copart.com/saleListResult/68/2026-03-17?location=CO%20-%20Denver&saleDate=1773770400000&liveAuction=false&from=&yardNum=68"
"MT - Helena","https://www.copart.com/saleListResult/106/2026-03-17?location=MT%20-%20Helena&saleDate=1773770400000&liveAuction=false&from=&yardNum=106"
"SD - Rapid City","https://www.copart.com/saleListResult/396/2026-03-17?location=SD%20-%20Rapid%20City&saleDate=1773770400000&liveAuction=false&from=&yardNum=396"
"WY - Casper","https://www.copart.com/saleListResult/328/2026-03-18?location=WY%20-%20Casper&saleDate=1773856800000&liveAuction=false&from=&yardNum=328"
"AB - Edmonton","https://www.copart.com/saleListResult/204/2026-03-19?location=AB%20-%20Edmonton&saleDate=1773943200000&liveAuction=false&from=&yardNum=204"
"CO - Denver","https://www.copart.com/saleListResult/68/2026-03-19?location=CO%20-%20Denver&saleDate=1773943200000&liveAuction=false&from=&yardNum=68"
"CA - Adelanto","https://www.copart.com/saleListResult/309/2026-03-16?location=CA%20-%20Adelanto&saleDate=1773687600000&liveAuction=false&from=&yardNum=309"
"CA - American Canyon","https://www.copart.com/saleListResult/190/2026-03-16?location=CA%20-%20American%20Canyon&saleDate=1773687600000&liveAuction=false&from=&yardNum=190"
"CA - Fresno","https://www.copart.com/saleListResult/4/2026-03-16?location=CA%20-%20Fresno&saleDate=1773687600000&liveAuction=false&from=&yardNum=4"
"CA - Los Angeles","https://www.copart.com/saleListResult/10/2026-03-16?location=CA%20-%20Los%20Angeles&saleDate=1773687600000&liveAuction=false&from=&yardNum=10"
"CA - Martinez","https://www.copart.com/saleListResult/78/2026-03-16?location=CA%20-%20Martinez&saleDate=1773687600000&liveAuction=false&from=&yardNum=78"
"CA - San Bernardino","https://www.copart.com/saleListResult/7/2026-03-16?location=CA%20-%20San%20Bernardino&saleDate=1773687600000&liveAuction=false&from=&yardNum=7"
"CA - So Sacramento","https://www.copart.com/saleListResult/16/2026-03-16?location=CA%20-%20So%20Sacramento&saleDate=1773687600000&liveAuction=false&from=&yardNum=16"
"CA - Sun Valley","https://www.copart.com/saleListResult/180/2026-03-16?location=CA%20-%20Sun%20Valley&saleDate=1773687600000&liveAuction=false&from=&yardNum=180"
"ND - Bismarck","https://www.copart.com/saleListResult/363/2026-03-16?location=ND%20-%20Bismarck&saleDate=1773687600000&liveAuction=false&from=&yardNum=363"
"NV - Las Vegas West","https://www.copart.com/saleListResult/133/2026-03-16?location=NV%20-%20Las%20Vegas%20West&saleDate=1773687600000&liveAuction=false&from=&yardNum=133"
"OR - Portland North","https://www.copart.com/saleListResult/9/2026-03-16?location=OR%20-%20Portland%20North&saleDate=1773687600000&liveAuction=false&from=&yardNum=9"
"OR - Portland South","https://www.copart.com/saleListResult/134/2026-03-16?location=OR%20-%20Portland%20South&saleDate=1773687600000&liveAuction=false&from=&yardNum=134"
"WA - North Seattle","https://www.copart.com/saleListResult/48/2026-03-16?location=WA%20-%20North%20Seattle&saleDate=1773687600000&liveAuction=false&from=&yardNum=48"
"CA - Antelope","https://www.copart.com/saleListResult/151/2026-03-17?location=CA%20-%20Antelope&saleDate=1773774000000&liveAuction=false&from=&yardNum=151"
"CA - Hayward","https://www.copart.com/saleListResult/3/2026-03-17?location=CA%20-%20Hayward&saleDate=1773774000000&liveAuction=false&from=&yardNum=3"
"CA - Rancho Cucamonga","https://www.copart.com/saleListResult/97/2026-03-17?location=CA%20-%20Rancho%20Cucamonga&saleDate=1773774000000&liveAuction=false&from=&yardNum=97"
"CA - Sacramento","https://www.copart.com/saleListResult/2/2026-03-17?location=CA%20-%20Sacramento&saleDate=1773774000000&liveAuction=false&from=&yardNum=2"
"CA - Van Nuys","https://www.copart.com/saleListResult/43/2026-03-17?location=CA%20-%20Van%20Nuys&saleDate=1773774000000&liveAuction=false&from=&yardNum=43"
"NV - Las Vegas","https://www.copart.com/saleListResult/57/2026-03-17?location=NV%20-%20Las%20Vegas&saleDate=1773774000000&liveAuction=false&from=&yardNum=57"
"OR - Eugene","https://www.copart.com/saleListResult/104/2026-03-17?location=OR%20-%20Eugene&saleDate=1773774000000&liveAuction=false&from=&yardNum=104"
"WA - Spanaway","https://www.copart.com/saleListResult/337/2026-03-17?location=WA%20-%20Spanaway&saleDate=1773774000000&liveAuction=false&from=&yardNum=337"
"CA - Martinez","https://www.copart.com/saleListResult/78/2026-03-18?location=CA%20-%20Martinez&saleDate=1773860400000&liveAuction=false&from=&yardNum=78"
"CA - Mentone","https://www.copart.com/saleListResult/367/2026-03-18?location=CA%20-%20Mentone&saleDate=1773860400000&liveAuction=false&from=&yardNum=367"
"WA - Spokane","https://www.copart.com/saleListResult/116/2026-03-18?location=WA%20-%20Spokane&saleDate=1773860400000&liveAuction=false&from=&yardNum=116"
"CA - Fresno","https://www.copart.com/saleListResult/4/2026-03-19?location=CA%20-%20Fresno&saleDate=1773946800000&liveAuction=false&from=&yardNum=4"
"CA - Rancho Cucamonga","https://www.copart.com/saleListResult/97/2026-03-19?location=CA%20-%20Rancho%20Cucamonga&saleDate=1773946800000&liveAuction=false&from=&yardNum=97"
"NV - Reno","https://www.copart.com/saleListResult/100/2026-03-19?location=NV%20-%20Reno&saleDate=1773946800000&liveAuction=false&from=&yardNum=100"
"CA - Bakersfield","https://www.copart.com/saleListResult/5/2026-03-20?location=CA%20-%20Bakersfield&saleDate=1774033200000&liveAuction=false&from=&yardNum=5"
"CA - Vallejo","https://www.copart.com/saleListResult/1/2026-03-20?location=CA%20-%20Vallejo&saleDate=1774033200000&liveAuction=false&from=&yardNum=1"
"WA - Spanaway","https://www.copart.com/saleListResult/337/2026-03-20?location=WA%20-%20Spanaway&saleDate=1774033200000&liveAuction=false&from=&yardNum=337"
"AK - Anchorage","https://www.copart.com/saleListResult/113/2026-03-24?location=AK%20-%20Anchorage&saleDate=1774382400000&liveAuction=false&from=&yardNum=113"
"FL - Clewiston","https://www.copart.com/saleListResult/366/2026-03-23?location=FL%20-%20Clewiston&saleDate=1774274400000&liveAuction=false&from=&yardNum=366"
"FL - Jacksonville North","https://www.copart.com/saleListResult/163/2026-03-23?location=FL%20-%20Jacksonville%20North&saleDate=1774274400000&liveAuction=false&from=&yardNum=163"
"NY - Albany","https://www.copart.com/saleListResult/94/2026-03-23?location=NY%20-%20Albany&saleDate=1774274400000&liveAuction=false&from=&yardNum=94"
"NY - Long Island","https://www.copart.com/saleListResult/30/2026-03-23?location=NY%20-%20Long%20Island&saleDate=1774274400000&liveAuction=false&from=&yardNum=30"
"SC - North Charleston","https://www.copart.com/saleListResult/197/2026-03-23?location=SC%20-%20North%20Charleston&saleDate=1774274400000&liveAuction=false&from=&yardNum=197"
"NC - Raleigh","https://www.copart.com/saleListResult/54/2026-03-24?location=NC%20-%20Raleigh&saleDate=1774360800000&liveAuction=false&from=&yardNum=54"
"NH - Candia","https://www.copart.com/saleListResult/155/2026-03-24?location=NH%20-%20Candia&saleDate=1774360800000&liveAuction=false&from=&yardNum=155"
"OH - Columbus","https://www.copart.com/saleListResult/29/2026-03-24?location=OH%20-%20Columbus&saleDate=1774360800000&liveAuction=false&from=&yardNum=29"
"NY - Albany","https://www.copart.com/saleListResult/94/2026-03-25?location=NY%20-%20Albany&saleDate=1774447200000&liveAuction=false&from=&yardNum=94"
"NY - Long Island","https://www.copart.com/saleListResult/30/2026-03-25?location=NY%20-%20Long%20Island&saleDate=1774447200000&liveAuction=false&from=&yardNum=30"
"GA - Atlanta West","https://www.copart.com/saleListResult/15/2026-03-27?location=GA%20-%20Atlanta%20West&saleDate=1774620000000&liveAuction=false&from=&yardNum=15"
"Medium Duty Clean Title Sale","https://www.copart.com/saleListResult/832/2026-03-23?location=Medium%20Duty%20Clean%20Title%20Sale&saleDate=1774281600000&liveAuction=false&from=&yardNum=832"
"Heavy Truck, Trailer, Rv Clean Title Sale","https://www.copart.com/saleListResult/833/2026-03-24?location=Heavy%20Truck,%20Trailer,%20Rv%20Clean%20Title%20Sale&saleDate=1774368000000&liveAuction=false&from=&yardNum=833"
"QC - Montreal","https://www.copart.com/saleListResult/205/2026-03-24?location=QC%20-%20Montreal&saleDate=1774368000000&liveAuction=false&from=&yardNum=205"
"Wholesale Auction","https://www.copart.com/saleListResult/855/2026-03-24?location=Wholesale%20Auction&saleDate=1774368000000&liveAuction=false&from=&yardNum=855"
"Atlantic Canada Auction","https://www.copart.com/saleListResult/295/2026-03-26?location=Atlantic%20Canada%20Auction&saleDate=1774540800000&liveAuction=false&from=&yardNum=295"
"Wholesale Auction","https://www.copart.com/saleListResult/855/2026-03-26?location=Wholesale%20Auction&saleDate=1774540800000&liveAuction=false&from=&yardNum=855"
"TN - Nashville","https://www.copart.com/saleListResult/63/2026-03-23?location=TN%20-%20Nashville&saleDate=1774285200000&liveAuction=false&from=&yardNum=63"
"WI - Milwaukee South","https://www.copart.com/saleListResult/371/2026-03-23?location=WI%20-%20Milwaukee%20South&saleDate=1774285200000&liveAuction=false&from=&yardNum=371"
"KS - Kansas City","https://www.copart.com/saleListResult/369/2026-03-24?location=KS%20-%20Kansas%20City&saleDate=1774371600000&liveAuction=false&from=&yardNum=369"
"TN - Memphis","https://www.copart.com/saleListResult/22/2026-03-24?location=TN%20-%20Memphis&saleDate=1774371600000&liveAuction=false&from=&yardNum=22"
"Drive Wholesale Canada","https://www.copart.com/saleListResult/292/2026-03-25?location=Drive%20Wholesale%20Canada&saleDate=1774458000000&liveAuction=false&from=&yardNum=292"
"IA - Cedar Rapids","https://www.copart.com/saleListResult/398/2026-03-25?location=IA%20-%20Cedar%20Rapids&saleDate=1774458000000&liveAuction=false&from=&yardNum=398"
"WI - Milwaukee North","https://www.copart.com/saleListResult/339/2026-03-25?location=WI%20-%20Milwaukee%20North&saleDate=1774458000000&liveAuction=false&from=&yardNum=339"
"CrashedToys Powersport Auction","https://www.copart.com/saleListResult/841/2026-03-26?location=%20CrashedToys%20Powersport%20Auction&saleDate=1774544400000&liveAuction=false&from=&yardNum=841"
"TN - Memphis","https://www.copart.com/saleListResult/22/2026-03-26?location=TN%20-%20Memphis&saleDate=1774544400000&liveAuction=false&from=&yardNum=22"
"MO - St. Louis","https://www.copart.com/saleListResult/20/2026-03-27?location=MO%20-%20St.%20Louis&saleDate=1774630800000&liveAuction=false&from=&yardNum=20"
"TX - Houston","https://www.copart.com/saleListResult/11/2026-03-27?location=TX%20-%20Houston&saleDate=1774630800000&liveAuction=false&from=&yardNum=11"
"CO - Denver South","https://www.copart.com/saleListResult/193/2026-03-23?location=CO%20-%20Denver%20South&saleDate=1774288800000&liveAuction=false&from=&yardNum=193"
"AB - Calgary","https://www.copart.com/saleListResult/203/2026-03-24?location=AB%20-%20Calgary&saleDate=1774375200000&liveAuction=false&from=&yardNum=203"
"CO - Denver South","https://www.copart.com/saleListResult/193/2026-03-25?location=CO%20-%20Denver%20South&saleDate=1774461600000&liveAuction=false&from=&yardNum=193"
"OR - Eugene","https://www.copart.com/saleListResult/104/2026-03-24?location=OR%20-%20Eugene&saleDate=1774378800000&liveAuction=false&from=&yardNum=104"
"CA - Hayward","https://www.copart.com/saleListResult/3/2026-03-26?location=CA%20-%20Hayward&saleDate=1774551600000&liveAuction=false&from=&yardNum=3"
"NJ - Trenton","https://www.copart.com/saleListResult/135/2026-03-30?location=NJ%20-%20Trenton&saleDate=1774879200000&liveAuction=false&from=&yardNum=135"
"NY - Albany","https://www.copart.com/saleListResult/94/2026-03-30?location=NY%20-%20Albany&saleDate=1774879200000&liveAuction=false&from=&yardNum=94"
"NY - Long Island","https://www.copart.com/saleListResult/30/2026-03-30?location=NY%20-%20Long%20Island&saleDate=1774879200000&liveAuction=false&from=&yardNum=30"
"NY - Syracuse","https://www.copart.com/saleListResult/25/2026-03-30?location=NY%20-%20Syracuse&saleDate=1774879200000&liveAuction=false&from=&yardNum=25"
"FL - Orlando South","https://www.copart.com/saleListResult/55/2026-03-31?location=FL%20-%20Orlando%20South&saleDate=1774965600000&liveAuction=false&from=&yardNum=55"
"NY - Albany","https://www.copart.com/saleListResult/94/2026-04-01?location=NY%20-%20Albany&saleDate=1775052000000&liveAuction=false&from=&yardNum=94"
"NY - Long Island","https://www.copart.com/saleListResult/30/2026-04-01?location=NY%20-%20Long%20Island&saleDate=1775052000000&liveAuction=false&from=&yardNum=30"
"NY - Syracuse","https://www.copart.com/saleListResult/25/2026-04-01?location=NY%20-%20Syracuse&saleDate=1775052000000&liveAuction=false&from=&yardNum=25"
"MI - Detroit","https://www.copart.com/saleListResult/61/2026-04-03?location=MI%20-%20Detroit&saleDate=1775224800000&liveAuction=false&from=&yardNum=61"
"PA - Philadelphia","https://www.copart.com/saleListResult/26/2026-04-03?location=PA%20-%20Philadelphia&saleDate=1775224800000&liveAuction=false&from=&yardNum=26"
"Wholesale Auction","https://www.copart.com/saleListResult/855/2026-03-31?location=Wholesale%20Auction&saleDate=1774972800000&liveAuction=false&from=&yardNum=855"
"WI - Milwaukee South","https://www.copart.com/saleListResult/371/2026-03-30?location=WI%20-%20Milwaukee%20South&saleDate=1774890000000&liveAuction=false&from=&yardNum=371"
"TN - Memphis","https://www.copart.com/saleListResult/22/2026-03-31?location=TN%20-%20Memphis&saleDate=1774976400000&liveAuction=false&from=&yardNum=22"
"Drive Wholesale Canada","https://www.copart.com/saleListResult/292/2026-04-01?location=Drive%20Wholesale%20Canada&saleDate=1775062800000&liveAuction=false&from=&yardNum=292"
"TN - Nashville","https://www.copart.com/saleListResult/63/2026-04-01?location=TN%20-%20Nashville&saleDate=1775062800000&liveAuction=false&from=&yardNum=63"
"CrashedToys Powersport Auction","https://www.copart.com/saleListResult/841/2026-04-02?location=%20CrashedToys%20Powersport%20Auction&saleDate=1775149200000&liveAuction=false&from=&yardNum=841"
"CA - San Bernardino","https://www.copart.com/saleListResult/7/2026-03-30?location=CA%20-%20San%20Bernardino&saleDate=1774897200000&liveAuction=false&from=&yardNum=7"
"CA - Sun Valley","https://www.copart.com/saleListResult/180/2026-03-30?location=CA%20-%20Sun%20Valley&saleDate=1774897200000&liveAuction=false&from=&yardNum=180"
"OR - Eugene","https://www.copart.com/saleListResult/104/2026-03-31?location=OR%20-%20Eugene&saleDate=1774983600000&liveAuction=false&from=&yardNum=104"
"CA - Rancho Cucamonga","https://www.copart.com/saleListResult/97/2026-04-02?location=CA%20-%20Rancho%20Cucamonga&saleDate=1775156400000&liveAuction=false&from=&yardNum=97"
"NY - Albany","https://www.copart.com/saleListResult/94/2026-04-06?location=NY%20-%20Albany&saleDate=1775484000000&liveAuction=false&from=&yardNum=94"
"NY - Long Island","https://www.copart.com/saleListResult/30/2026-04-06?location=NY%20-%20Long%20Island&saleDate=1775484000000&liveAuction=false&from=&yardNum=30"
"NY - Rochester","https://www.copart.com/saleListResult/35/2026-04-06?location=NY%20-%20Rochester&saleDate=1775484000000&liveAuction=false&from=&yardNum=35"
"Ontario Auction","https://www.copart.com/saleListResult/294/2026-04-07?location=Ontario%20Auction&saleDate=1775570400000&liveAuction=false&from=&yardNum=294"
"NY - Albany","https://www.copart.com/saleListResult/94/2026-04-08?location=NY%20-%20Albany&saleDate=1775656800000&liveAuction=false&from=&yardNum=94"
"NY - Long Island","https://www.copart.com/saleListResult/30/2026-04-08?location=NY%20-%20Long%20Island&saleDate=1775656800000&liveAuction=false&from=&yardNum=30"
"SC - Spartanburg","https://www.copart.com/saleListResult/144/2026-04-08?location=SC%20-%20Spartanburg&saleDate=1775656800000&liveAuction=false&from=&yardNum=144"
"Medium Duty Specialty Sale","https://www.copart.com/saleListResult/835/2026-04-08?location=Medium%20Duty%20Specialty%20Sale&saleDate=1775664000000&liveAuction=false&from=&yardNum=835"
"CrashedToys Powersport Auction","https://www.copart.com/saleListResult/841/2026-04-09?location=%20CrashedToys%20Powersport%20Auction&saleDate=1775754000000&liveAuction=false&from=&yardNum=841"
"OR - Eugene","https://www.copart.com/saleListResult/104/2026-04-07?location=OR%20-%20Eugene&saleDate=1775588400000&liveAuction=false&from=&yardNum=104"
"NY - Albany","https://www.copart.com/saleListResult/94/2026-04-13?location=NY%20-%20Albany&saleDate=1776088800000&liveAuction=false&from=&yardNum=94"
"NY - Long Island","https://www.copart.com/saleListResult/30/2026-04-13?location=NY%20-%20Long%20Island&saleDate=1776088800000&liveAuction=false&from=&yardNum=30"
"NY - Rochester","https://www.copart.com/saleListResult/35/2026-04-13?location=NY%20-%20Rochester&saleDate=1776088800000&liveAuction=false&from=&yardNum=35"
"IN - Cicero","https://www.copart.com/saleListResult/170/2026-04-14?location=IN%20-%20Cicero&saleDate=1776175200000&liveAuction=false&from=&yardNum=170"
"NY - Albany","https://www.copart.com/saleListResult/94/2026-04-15?location=NY%20-%20Albany&saleDate=1776261600000&liveAuction=false&from=&yardNum=94"
"NY - Long Island","https://www.copart.com/saleListResult/30/2026-04-15?location=NY%20-%20Long%20Island&saleDate=1776261600000&liveAuction=false&from=&yardNum=30"
"CrashedToys Powersport Auction","https://www.copart.com/saleListResult/841/2026-04-16?location=%20CrashedToys%20Powersport%20Auction&saleDate=1776358800000&liveAuction=false&from=&yardNum=841"
"OR - Eugene","https://www.copart.com/saleListResult/104/2026-04-14?location=OR%20-%20Eugene&saleDate=1776193200000&liveAuction=false&from=&yardNum=104"
"CT - Hartford","https://www.copart.com/saleListResult/23/2026-03-10?location=CT%20-%20Hartford&saleDate=1773151200000&liveAuction=false&from=&yardNum=23"
"GA - Augusta","https://www.copart.com/saleListResult/359/2026-03-10?location=GA%20-%20Augusta&saleDate=1773151200000&liveAuction=false&from=&yardNum=359"
"FL - West Palm Beach","https://www.copart.com/saleListResult/70/2026-03-10?location=FL%20-%20West%20Palm%20Beach&saleDate=1773151200000&liveAuction=false&from=&yardNum=70"
"MI - Detroit","https://www.copart.com/saleListResult/61/2026-03-10?location=MI%20-%20Detroit&saleDate=1773151200000&liveAuction=false&from=&yardNum=61"
"NH - Candia","https://www.copart.com/saleListResult/155/2026-03-10?location=NH%20-%20Candia&saleDate=1773151200000&liveAuction=false&from=&yardNum=155"
"DC - Washington DC","https://www.copart.com/saleListResult/32/2026-03-10?location=DC%20-%20Washington%20DC&saleDate=1773151200000&liveAuction=false&from=&yardNum=32"
"FL - Ocala","https://www.copart.com/saleListResult/108/2026-03-10?location=FL%20-%20Ocala&saleDate=1773151200000&liveAuction=false&from=&yardNum=108"
"OH - Columbus","https://www.copart.com/saleListResult/29/2026-03-10?location=OH%20-%20Columbus&saleDate=1773151200000&liveAuction=false&from=&yardNum=29"
"FL - Orlando South","https://www.copart.com/saleListResult/55/2026-03-10?location=FL%20-%20Orlando%20South&saleDate=1773151200000&liveAuction=false&from=&yardNum=55"
"OH - Akron","https://www.copart.com/saleListResult/376/2026-03-10?location=OH%20-%20Akron&saleDate=1773151200000&liveAuction=false&from=&yardNum=376"
"NJ - Glassboro East","https://www.copart.com/saleListResult/31/2026-03-10?location=NJ%20-%20Glassboro%20East&saleDate=1773151200000&liveAuction=false&from=&yardNum=31"
"FL - Tampa South","https://www.copart.com/saleListResult/34/2026-03-10?location=FL%20-%20Tampa%20South&saleDate=1773151200000&liveAuction=false&from=&yardNum=34"
"TN - Knoxville","https://www.copart.com/saleListResult/114/2026-03-10?location=TN%20-%20Knoxville&saleDate=1773151200000&liveAuction=false&from=&yardNum=114"
"PA - Philadelphia","https://www.copart.com/saleListResult/26/2026-03-10?location=PA%20-%20Philadelphia&saleDate=1773151200000&liveAuction=false&from=&yardNum=26"
"GA - Atlanta South","https://www.copart.com/saleListResult/146/2026-03-10?location=GA%20-%20Atlanta%20South&saleDate=1773151200000&liveAuction=false&from=&yardNum=146"
"NJ - Glassboro West","https://www.copart.com/saleListResult/69/2026-03-10?location=NJ%20-%20Glassboro%20West&saleDate=1773151200000&liveAuction=false&from=&yardNum=69"
"MD - Baltimore East","https://www.copart.com/saleListResult/342/2026-03-10?location=MD%20-%20Baltimore%20East&saleDate=1773151200000&liveAuction=false&from=&yardNum=342"
"VA - Hampton","https://www.copart.com/saleListResult/162/2026-03-10?location=VA%20-%20Hampton&saleDate=1773151200000&liveAuction=false&from=&yardNum=162"
"IN - Indianapolis","https://www.copart.com/saleListResult/44/2026-03-10?location=IN%20-%20Indianapolis&saleDate=1773151200000&liveAuction=false&from=&yardNum=44"
"FL - Punta Gorda","https://www.copart.com/saleListResult/348/2026-03-10?location=FL%20-%20Punta%20Gorda&saleDate=1773151200000&liveAuction=false&from=&yardNum=348"
"NC - Raleigh","https://www.copart.com/saleListResult/54/2026-03-10?location=NC%20-%20Raleigh&saleDate=1773151200000&liveAuction=false&from=&yardNum=54"
"NJ - Somerville","https://www.copart.com/saleListResult/91/2026-03-10?location=NJ%20-%20Somerville&saleDate=1773151200000&liveAuction=false&from=&yardNum=91"
"GA - Atlanta West","https://www.copart.com/saleListResult/15/2026-03-10?location=GA%20-%20Atlanta%20West&saleDate=1773151200000&liveAuction=false&from=&yardNum=15"
"PA - Harrisburg","https://www.copart.com/saleListResult/76/2026-03-10?location=PA%20-%20Harrisburg&saleDate=1773151200000&liveAuction=false&from=&yardNum=76"
"NY - Newburgh","https://www.copart.com/saleListResult/24/2026-03-10?location=NY%20-%20Newburgh&saleDate=1773151200000&liveAuction=false&from=&yardNum=24"
"GA - Tifton","https://www.copart.com/saleListResult/88/2026-03-10?location=GA%20-%20Tifton&saleDate=1773151200000&liveAuction=false&from=&yardNum=88"
"FL - Miami North","https://www.copart.com/saleListResult/33/2026-03-10?location=FL%20-%20Miami%20North&saleDate=1773151200000&liveAuction=false&from=&yardNum=33"
"DE - Seaford","https://www.copart.com/saleListResult/130/2026-03-10?location=DE%20-%20Seaford&saleDate=1773151200000&liveAuction=false&from=&yardNum=130"
"Ontario Auction","https://www.copart.com/saleListResult/294/2026-03-10?location=Ontario%20Auction&saleDate=1773151200000&liveAuction=false&from=&yardNum=294"
"IN - Cicero","https://www.copart.com/saleListResult/170/2026-03-10?location=IN%20-%20Cicero&saleDate=1773151200000&liveAuction=false&from=&yardNum=170"
"Wholesale Auction","https://www.copart.com/saleListResult/855/2026-03-10?location=Wholesale%20Auction&saleDate=1773158400000&liveAuction=false&from=&yardNum=855"
"Heavy Truck, Trailer, Rv Clean Title Sale","https://www.copart.com/saleListResult/833/2026-03-10?location=Heavy%20Truck,%20Trailer,%20Rv%20Clean%20Title%20Sale&saleDate=1773158400000&liveAuction=false&from=&yardNum=833"
"QC - Montreal","https://www.copart.com/saleListResult/205/2026-03-10?location=QC%20-%20Montreal&saleDate=1773158400000&liveAuction=false&from=&yardNum=205"
"TX - Ft. Worth","https://www.copart.com/saleListResult/98/2026-03-10?location=TX%20-%20Ft.%20Worth&saleDate=1773162000000&liveAuction=false&from=&yardNum=98"
"MN - Minneapolis","https://www.copart.com/saleListResult/37/2026-03-10?location=MN%20-%20Minneapolis&saleDate=1773162000000&liveAuction=false&from=&yardNum=37"
"KS - Kansas City","https://www.copart.com/saleListResult/369/2026-03-10?location=KS%20-%20Kansas%20City&saleDate=1773162000000&liveAuction=false&from=&yardNum=369"
"TN - Memphis","https://www.copart.com/saleListResult/22/2026-03-10?location=TN%20-%20Memphis&saleDate=1773162000000&liveAuction=false&from=&yardNum=22"
"OK - Oklahoma City","https://www.copart.com/saleListResult/18/2026-03-10?location=OK%20-%20Oklahoma%20City&saleDate=1773162000000&liveAuction=false&from=&yardNum=18"
"AL - Mobile South","https://www.copart.com/saleListResult/184/2026-03-10?location=AL%20-%20Mobile%20South&saleDate=1773162000000&liveAuction=false&from=&yardNum=184"
"TX - Amarillo","https://www.copart.com/saleListResult/95/2026-03-10?location=TX%20-%20Amarillo&saleDate=1773162000000&liveAuction=false&from=&yardNum=95"
"MN - Minneapolis North","https://www.copart.com/saleListResult/80/2026-03-10?location=MN%20-%20Minneapolis%20North&saleDate=1773162000000&liveAuction=false&from=&yardNum=80"
"MO - St. Louis","https://www.copart.com/saleListResult/20/2026-03-10?location=MO%20-%20St.%20Louis&saleDate=1773162000000&liveAuction=false&from=&yardNum=20"
"NE - Lincoln","https://www.copart.com/saleListResult/123/2026-03-10?location=NE%20-%20Lincoln&saleDate=1773162000000&liveAuction=false&from=&yardNum=123"
"MO - Columbia","https://www.copart.com/saleListResult/125/2026-03-10?location=MO%20-%20Columbia&saleDate=1773162000000&liveAuction=false&from=&yardNum=125"
"TX - Corpus Christi","https://www.copart.com/saleListResult/96/2026-03-10?location=TX%20-%20Corpus%20Christi&saleDate=1773162000000&liveAuction=false&from=&yardNum=96"
"TX - Houston","https://www.copart.com/saleListResult/11/2026-03-10?location=TX%20-%20Houston&saleDate=1773162000000&liveAuction=false&from=&yardNum=11"
"IL - Chicago North","https://www.copart.com/saleListResult/36/2026-03-10?location=IL%20-%20Chicago%20North&saleDate=1773162000000&liveAuction=false&from=&yardNum=36"
"WI - Madison South","https://www.copart.com/saleListResult/308/2026-03-10?location=WI%20-%20Madison%20South&saleDate=1773162000000&liveAuction=false&from=&yardNum=308"
"AL - Birmingham","https://www.copart.com/saleListResult/136/2026-03-10?location=AL%20-%20Birmingham&saleDate=1773162000000&liveAuction=false&from=&yardNum=136"
"LA - Baton Rouge","https://www.copart.com/saleListResult/50/2026-03-10?location=LA%20-%20Baton%20Rouge&saleDate=1773162000000&liveAuction=false&from=&yardNum=50"
"AB - Calgary","https://www.copart.com/saleListResult/203/2026-03-10?location=AB%20-%20Calgary&saleDate=1773165600000&liveAuction=false&from=&yardNum=203"
"UT - Salt Lake City","https://www.copart.com/saleListResult/336/2026-03-10?location=UT%20-%20Salt%20Lake%20City&saleDate=1773165600000&liveAuction=false&from=&yardNum=336"
"SD - Rapid City","https://www.copart.com/saleListResult/396/2026-03-10?location=SD%20-%20Rapid%20City&saleDate=1773165600000&liveAuction=false&from=&yardNum=396"
"CO - Denver Central","https://www.copart.com/saleListResult/120/2026-03-10?location=CO%20-%20Denver%20Central&saleDate=1773165600000&liveAuction=false&from=&yardNum=120"
"CO - Denver","https://www.copart.com/saleListResult/68/2026-03-10?location=CO%20-%20Denver&saleDate=1773165600000&liveAuction=false&from=&yardNum=68"
"MT - Helena","https://www.copart.com/saleListResult/106/2026-03-10?location=MT%20-%20Helena&saleDate=1773165600000&liveAuction=false&from=&yardNum=106"
"AZ - Phoenix North","https://www.copart.com/saleListResult/362/2026-03-10?location=AZ%20-%20Phoenix%20North&saleDate=1773165600000&liveAuction=false&from=&yardNum=362"
"OR - Eugene","https://www.copart.com/saleListResult/104/2026-03-10?location=OR%20-%20Eugene&saleDate=1773169200000&liveAuction=false&from=&yardNum=104"
"CA - San Jose","https://www.copart.com/saleListResult/6/2026-03-10?location=CA%20-%20San%20Jose&saleDate=1773169200000&liveAuction=false&from=&yardNum=6"
"CA - Antelope","https://www.copart.com/saleListResult/151/2026-03-10?location=CA%20-%20Antelope&saleDate=1773169200000&liveAuction=false&from=&yardNum=151"
"CA - Sacramento","https://www.copart.com/saleListResult/2/2026-03-10?location=CA%20-%20Sacramento&saleDate=1773169200000&liveAuction=false&from=&yardNum=2"
"NV - Las Vegas","https://www.copart.com/saleListResult/57/2026-03-10?location=NV%20-%20Las%20Vegas&saleDate=1773169200000&liveAuction=false&from=&yardNum=57"
"CA - Hayward","https://www.copart.com/saleListResult/3/2026-03-10?location=CA%20-%20Hayward&saleDate=1773169200000&liveAuction=false&from=&yardNum=3"
"CA - Van Nuys","https://www.copart.com/saleListResult/43/2026-03-10?location=CA%20-%20Van%20Nuys&saleDate=1773169200000&liveAuction=false&from=&yardNum=43"
"CA - Rancho Cucamonga","https://www.copart.com/saleListResult/97/2026-03-10?location=CA%20-%20Rancho%20Cucamonga&saleDate=1773169200000&liveAuction=false&from=&yardNum=97"
"WA - Spanaway","https://www.copart.com/saleListResult/337/2026-03-10?location=WA%20-%20Spanaway&saleDate=1773169200000&liveAuction=false&from=&yardNum=337"
"CA - San Diego","https://www.copart.com/saleListResult/59/2026-03-10?location=CA%20-%20San%20Diego&saleDate=1773169200000&liveAuction=false&from=&yardNum=59"
"MS - Grenada","https://www.copart.com/saleListResult/326/2026-03-11?location=MS%20-%20Grenada&saleDate=1773248400000&liveAuction=false&from=&yardNum=326"
"PA - Pittsburgh West","https://www.copart.com/saleListResult/174/2026-03-11?location=PA%20-%20Pittsburgh%20West&saleDate=1773237600000&liveAuction=false&from=&yardNum=174"
"AK - Anchorage","https://www.copart.com/saleListResult/113/2026-03-10?location=AK%20-%20Anchorage&saleDate=1773172800000&liveAuction=false&from=&yardNum=113"
"NC - Gastonia","https://www.copart.com/saleListResult/340/2026-03-11?location=NC%20-%20Gastonia&saleDate=1773237600000&liveAuction=false&from=&yardNum=340"
"AZ - Phoenix","https://www.copart.com/saleListResult/47/2026-03-11?location=AZ%20-%20Phoenix&saleDate=1773252000000&liveAuction=false&from=&yardNum=47"
"*NCS - Pacific Region","https://www.copart.com/saleListResult/883/2026-03-10?location=*NCS%20-%20Pacific%20Region&saleDate=1773190800000&liveAuction=false&from=&yardNum=883"
"OK - Tulsa","https://www.copart.com/saleListResult/19/2026-03-11?location=OK%20-%20Tulsa&saleDate=1773248400000&liveAuction=false&from=&yardNum=19"
"CO - Denver South","https://www.copart.com/saleListResult/193/2026-03-11?location=CO%20-%20Denver%20South&saleDate=1773252000000&liveAuction=false&from=&yardNum=193"
"TX - McAllen","https://www.copart.com/saleListResult/65/2026-03-11?location=TX%20-%20McAllen&saleDate=1773248400000&liveAuction=false&from=&yardNum=65"
"Drive Wholesale Canada","https://www.copart.com/saleListResult/292/2026-03-11?location=Drive%20Wholesale%20Canada&saleDate=1773248400000&liveAuction=false&from=&yardNum=292"
"NY - Albany","https://www.copart.com/saleListResult/94/2026-03-11?location=NY%20-%20Albany&saleDate=1773237600000&liveAuction=false&from=&yardNum=94"
"PA - Scranton","https://www.copart.com/saleListResult/142/2026-03-11?location=PA%20-%20Scranton&saleDate=1773237600000&liveAuction=false&from=&yardNum=142"
"PA - Philadelphia East","https://www.copart.com/saleListResult/164/2026-03-11?location=PA%20-%20Philadelphia%20East&saleDate=1773237600000&liveAuction=false&from=&yardNum=164"
"CO - Colorado Springs","https://www.copart.com/saleListResult/118/2026-03-11?location=CO%20-%20Colorado%20Springs&saleDate=1773252000000&liveAuction=false&from=&yardNum=118"
"SC - North Charleston","https://www.copart.com/saleListResult/197/2026-03-11?location=SC%20-%20North%20Charleston&saleDate=1773237600000&liveAuction=false&from=&yardNum=197"
"VA - Fredericksburg","https://www.copart.com/saleListResult/194/2026-03-11?location=VA%20-%20Fredericksburg&saleDate=1773237600000&liveAuction=false&from=&yardNum=194"
"Rental Vehicle Sale","https://www.copart.com/saleListResult/838/2026-03-11?location=Rental%20Vehicle%20Sale&saleDate=1773244800000&liveAuction=false&from=&yardNum=838"
"FL - Miami Central","https://www.copart.com/saleListResult/105/2026-03-11?location=FL%20-%20Miami%20Central&saleDate=1773237600000&liveAuction=false&from=&yardNum=105"
"CA - Mentone","https://www.copart.com/saleListResult/367/2026-03-11?location=CA%20-%20Mentone&saleDate=1773255600000&liveAuction=false&from=&yardNum=367"
"WI - Milwaukee North","https://www.copart.com/saleListResult/339/2026-03-11?location=WI%20-%20Milwaukee%20North&saleDate=1773248400000&liveAuction=false&from=&yardNum=339"
"KY - Lexington West","https://www.copart.com/saleListResult/83/2026-03-11?location=KY%20-%20Lexington%20West&saleDate=1773237600000&liveAuction=false&from=&yardNum=83"
"MO - Springfield","https://www.copart.com/saleListResult/92/2026-03-11?location=MO%20-%20Springfield&saleDate=1773248400000&liveAuction=false&from=&yardNum=92"
"CA - Sun Valley","https://www.copart.com/saleListResult/180/2026-03-11?location=CA%20-%20Sun%20Valley&saleDate=1773255600000&liveAuction=false&from=&yardNum=180"
"NC - Mebane","https://www.copart.com/saleListResult/154/2026-03-11?location=NC%20-%20Mebane&saleDate=1773237600000&liveAuction=false&from=&yardNum=154"
"GA - Atlanta North","https://www.copart.com/saleListResult/157/2026-03-11?location=GA%20-%20Atlanta%20North&saleDate=1773237600000&liveAuction=false&from=&yardNum=157"
"CA - Martinez","https://www.copart.com/saleListResult/78/2026-03-11?location=CA%20-%20Martinez&saleDate=1773255600000&liveAuction=false&from=&yardNum=78"
"AL - Tanner","https://www.copart.com/saleListResult/66/2026-03-11?location=AL%20-%20Tanner&saleDate=1773248400000&liveAuction=false&from=&yardNum=66"
"ME - Windham","https://www.copart.com/saleListResult/384/2026-03-11?location=ME%20-%20Windham&saleDate=1773237600000&liveAuction=false&from=&yardNum=384"
"FL - Jacksonville North","https://www.copart.com/saleListResult/163/2026-03-11?location=FL%20-%20Jacksonville%20North&saleDate=1773237600000&liveAuction=false&from=&yardNum=163"
"IL - Southern Illinois","https://www.copart.com/saleListResult/189/2026-03-11?location=IL%20-%20Southern%20Illinois&saleDate=1773248400000&liveAuction=false&from=&yardNum=189"
"Medium Duty Specialty Sale","https://www.copart.com/saleListResult/835/2026-03-11?location=Medium%20Duty%20Specialty%20Sale&saleDate=1773244800000&liveAuction=false&from=&yardNum=835"
"FL - Ft. Pierce","https://www.copart.com/saleListResult/86/2026-03-11?location=FL%20-%20Ft.%20Pierce&saleDate=1773237600000&liveAuction=false&from=&yardNum=86"
"MA - West Warren","https://www.copart.com/saleListResult/149/2026-03-11?location=MA%20-%20West%20Warren&saleDate=1773237600000&liveAuction=false&from=&yardNum=149"
"AR - Fayetteville","https://www.copart.com/saleListResult/140/2026-03-11?location=AR%20-%20Fayetteville&saleDate=1773248400000&liveAuction=false&from=&yardNum=140"
"IA - Davenport","https://www.copart.com/saleListResult/169/2026-03-11?location=IA%20-%20Davenport&saleDate=1773248400000&liveAuction=false&from=&yardNum=169"
"OH - Dayton","https://www.copart.com/saleListResult/166/2026-03-11?location=OH%20-%20Dayton&saleDate=1773237600000&liveAuction=false&from=&yardNum=166"
"CA - Long Beach","https://www.copart.com/saleListResult/186/2026-03-11?location=CA%20-%20Long%20Beach&saleDate=1773255600000&liveAuction=false&from=&yardNum=186"
"TN - Nashville","https://www.copart.com/saleListResult/63/2026-03-11?location=TN%20-%20Nashville&saleDate=1773248400000&liveAuction=false&from=&yardNum=63"
"*NCS - Central Region","https://www.copart.com/saleListResult/881/2026-03-10?location=*NCS%20-%20Central%20Region&saleDate=1773190800000&liveAuction=false&from=&yardNum=881"
"MA - Freetown","https://www.copart.com/saleListResult/361/2026-03-11?location=MA%20-%20Freetown&saleDate=1773237600000&liveAuction=false&from=&yardNum=361"
"OR - Portland North","https://www.copart.com/saleListResult/9/2026-03-11?location=OR%20-%20Portland%20North&saleDate=1773255600000&liveAuction=false&from=&yardNum=9"
"WA - Spokane","https://www.copart.com/saleListResult/116/2026-03-11?location=WA%20-%20Spokane&saleDate=1773255600000&liveAuction=false&from=&yardNum=116"
"SC - Spartanburg","https://www.copart.com/saleListResult/144/2026-03-11?location=SC%20-%20Spartanburg&saleDate=1773237600000&liveAuction=false&from=&yardNum=144"
"OH - Cleveland East","https://www.copart.com/saleListResult/111/2026-03-11?location=OH%20-%20Cleveland%20East&saleDate=1773237600000&liveAuction=false&from=&yardNum=111"
"AR - Little Rock","https://www.copart.com/saleListResult/21/2026-03-11?location=AR%20-%20Little%20Rock&saleDate=1773248400000&liveAuction=false&from=&yardNum=21"
"FL - Miami South","https://www.copart.com/saleListResult/148/2026-03-11?location=FL%20-%20Miami%20South&saleDate=1773237600000&liveAuction=false&from=&yardNum=148"
"NY - Syracuse","https://www.copart.com/saleListResult/25/2026-03-11?location=NY%20-%20Syracuse&saleDate=1773237600000&liveAuction=false&from=&yardNum=25"
"NJ - Trenton","https://www.copart.com/saleListResult/135/2026-03-11?location=NJ%20-%20Trenton&saleDate=1773237600000&liveAuction=false&from=&yardNum=135"
"KS - Wichita","https://www.copart.com/saleListResult/67/2026-03-11?location=KS%20-%20Wichita&saleDate=1773248400000&liveAuction=false&from=&yardNum=67"
"IA - Cedar Rapids","https://www.copart.com/saleListResult/398/2026-03-11?location=IA%20-%20Cedar%20Rapids&saleDate=1773248400000&liveAuction=false&from=&yardNum=398"
"IL - Chicago South","https://www.copart.com/saleListResult/81/2026-03-11?location=IL%20-%20Chicago%20South&saleDate=1773248400000&liveAuction=false&from=&yardNum=81"
"MI - Kincheloe","https://www.copart.com/saleListResult/161/2026-03-11?location=MI%20-%20Kincheloe&saleDate=1773237600000&liveAuction=false&from=&yardNum=161"
"NV - Las Vegas West","https://www.copart.com/saleListResult/133/2026-03-11?location=NV%20-%20Las%20Vegas%20West&saleDate=1773255600000&liveAuction=false&from=&yardNum=133"
"*NCS - Mountain Region","https://www.copart.com/saleListResult/882/2026-03-10?location=*NCS%20-%20Mountain%20Region&saleDate=1773190800000&liveAuction=false&from=&yardNum=882"
"PA - Pittsburgh South","https://www.copart.com/saleListResult/85/2026-03-11?location=PA%20-%20Pittsburgh%20South&saleDate=1773237600000&liveAuction=false&from=&yardNum=85"
"TX - Andrews","https://www.copart.com/saleListResult/185/2026-03-11?location=TX%20-%20Andrews&saleDate=1773248400000&liveAuction=false&from=&yardNum=185"
"TX - Waco","https://www.copart.com/saleListResult/182/2026-03-11?location=TX%20-%20Waco&saleDate=1773248400000&liveAuction=false&from=&yardNum=182"
"*NCS - Eastern Region","https://www.copart.com/saleListResult/880/2026-03-10?location=*NCS%20-%20Eastern%20Region&saleDate=1773190800000&liveAuction=false&from=&yardNum=880"
"GA - Atlanta East","https://www.copart.com/saleListResult/107/2026-03-11?location=GA%20-%20Atlanta%20East&saleDate=1773237600000&liveAuction=false&from=&yardNum=107"
"NC - Mocksville","https://www.copart.com/saleListResult/196/2026-03-11?location=NC%20-%20Mocksville&saleDate=1773237600000&liveAuction=false&from=&yardNum=196"
"WY - Casper","https://www.copart.com/saleListResult/328/2026-03-11?location=WY%20-%20Casper&saleDate=1773252000000&liveAuction=false&from=&yardNum=328"
"LA - New Orleans","https://www.copart.com/saleListResult/79/2026-03-11?location=LA%20-%20New%20Orleans&saleDate=1773248400000&liveAuction=false&from=&yardNum=79"
"MI - Flint","https://www.copart.com/saleListResult/159/2026-03-11?location=MI%20-%20Flint&saleDate=1773237600000&liveAuction=false&from=&yardNum=159"
"NY - Long Island","https://www.copart.com/saleListResult/30/2026-03-11?location=NY%20-%20Long%20Island&saleDate=1773237600000&liveAuction=false&from=&yardNum=30"
"MA - North Boston","https://www.copart.com/saleListResult/53/2026-03-11?location=MA%20-%20North%20Boston&saleDate=1773237600000&liveAuction=false&from=&yardNum=53"
"FL - Orlando North","https://www.copart.com/saleListResult/153/2026-03-11?location=FL%20-%20Orlando%20North&saleDate=1773237600000&liveAuction=false&from=&yardNum=153"
"WV - Charleston","https://www.copart.com/saleListResult/89/2026-03-12?location=WV%20-%20Charleston&saleDate=1773324000000&liveAuction=false&from=&yardNum=89"
"CrashedToys Powersport Auction","https://www.copart.com/saleListResult/841/2026-03-12?location=%20CrashedToys%20Powersport%20Auction&saleDate=1773334800000&liveAuction=false&from=&yardNum=841"
"FL - West Palm Beach","https://www.copart.com/saleListResult/70/2026-03-12?location=FL%20-%20West%20Palm%20Beach&saleDate=1773324000000&liveAuction=false&from=&yardNum=70"
"KY - Earlington","https://www.copart.com/saleListResult/345/2026-03-12?location=KY%20-%20Earlington&saleDate=1773334800000&liveAuction=false&from=&yardNum=345"
"*NCS - Pacific Region","https://www.copart.com/saleListResult/883/2026-03-11?location=*NCS%20-%20Pacific%20Region&saleDate=1773277200000&liveAuction=false&from=&yardNum=883"
"Wholesale Auction","https://www.copart.com/saleListResult/855/2026-03-12?location=Wholesale%20Auction&saleDate=1773331200000&liveAuction=false&from=&yardNum=855"
"NM - Albuquerque","https://www.copart.com/saleListResult/75/2026-03-12?location=NM%20-%20Albuquerque&saleDate=1773338400000&liveAuction=false&from=&yardNum=75"
"MN - Minneapolis","https://www.copart.com/saleListResult/37/2026-03-12?location=MN%20-%20Minneapolis&saleDate=1773334800000&liveAuction=false&from=&yardNum=37"
"KS - Kansas City","https://www.copart.com/saleListResult/369/2026-03-12?location=KS%20-%20Kansas%20City&saleDate=1773334800000&liveAuction=false&from=&yardNum=369"
"TX - San Antonio","https://www.copart.com/saleListResult/74/2026-03-12?location=TX%20-%20San%20Antonio&saleDate=1773334800000&liveAuction=false&from=&yardNum=74"
"CA - San Jose","https://www.copart.com/saleListResult/6/2026-03-12?location=CA%20-%20San%20Jose&saleDate=1773342000000&liveAuction=false&from=&yardNum=6"
"NH - Candia","https://www.copart.com/saleListResult/155/2026-03-12?location=NH%20-%20Candia&saleDate=1773324000000&liveAuction=false&from=&yardNum=155"
"CA - Antelope","https://www.copart.com/saleListResult/151/2026-03-12?location=CA%20-%20Antelope&saleDate=1773342000000&liveAuction=false&from=&yardNum=151"
"CA - Sacramento","https://www.copart.com/saleListResult/2/2026-03-12?location=CA%20-%20Sacramento&saleDate=1773342000000&liveAuction=false&from=&yardNum=2"
"AB - Edmonton","https://www.copart.com/saleListResult/204/2026-03-12?location=AB%20-%20Edmonton&saleDate=1773338400000&liveAuction=false&from=&yardNum=204"
"TN - Memphis","https://www.copart.com/saleListResult/22/2026-03-12?location=TN%20-%20Memphis&saleDate=1773334800000&liveAuction=false&from=&yardNum=22"
"OK - Oklahoma City","https://www.copart.com/saleListResult/18/2026-03-12?location=OK%20-%20Oklahoma%20City&saleDate=1773334800000&liveAuction=false&from=&yardNum=18"
"Heavy Truck, Trailer, Rv Specialty Sale","https://www.copart.com/saleListResult/836/2026-03-12?location=Heavy%20Truck,%20Trailer,%20Rv%20Specialty%20Sale&saleDate=1773331200000&liveAuction=false&from=&yardNum=836"
"LA - Shreveport","https://www.copart.com/saleListResult/84/2026-03-12?location=LA%20-%20Shreveport&saleDate=1773334800000&liveAuction=false&from=&yardNum=84"
"PA - Pittsburgh North","https://www.copart.com/saleListResult/28/2026-03-12?location=PA%20-%20Pittsburgh%20North&saleDate=1773324000000&liveAuction=false&from=&yardNum=28"
"OH - Cleveland West","https://www.copart.com/saleListResult/112/2026-03-12?location=OH%20-%20Cleveland%20West&saleDate=1773324000000&liveAuction=false&from=&yardNum=112"
"AL - Dothan","https://www.copart.com/saleListResult/341/2026-03-12?location=AL%20-%20Dothan&saleDate=1773334800000&liveAuction=false&from=&yardNum=341"
"NV - Reno","https://www.copart.com/saleListResult/100/2026-03-12?location=NV%20-%20Reno&saleDate=1773342000000&liveAuction=false&from=&yardNum=100"
"FL - Orlando South","https://www.copart.com/saleListResult/55/2026-03-12?location=FL%20-%20Orlando%20South&saleDate=1773324000000&liveAuction=false&from=&yardNum=55"
"NV - Las Vegas","https://www.copart.com/saleListResult/57/2026-03-12?location=NV%20-%20Las%20Vegas&saleDate=1773342000000&liveAuction=false&from=&yardNum=57"
"PA - Altoona","https://www.copart.com/saleListResult/129/2026-03-12?location=PA%20-%20Altoona&saleDate=1773324000000&liveAuction=false&from=&yardNum=129"
"CA - Hayward","https://www.copart.com/saleListResult/3/2026-03-12?location=CA%20-%20Hayward&saleDate=1773342000000&liveAuction=false&from=&yardNum=3"
"MN - Minneapolis North","https://www.copart.com/saleListResult/80/2026-03-12?location=MN%20-%20Minneapolis%20North&saleDate=1773334800000&liveAuction=false&from=&yardNum=80"
"NJ - Glassboro East","https://www.copart.com/saleListResult/31/2026-03-12?location=NJ%20-%20Glassboro%20East&saleDate=1773324000000&liveAuction=false&from=&yardNum=31"
"GA - Cartersville","https://www.copart.com/saleListResult/175/2026-03-12?location=GA%20-%20Cartersville&saleDate=1773324000000&liveAuction=false&from=&yardNum=175"
"CT - Hartford Springfield","https://www.copart.com/saleListResult/350/2026-03-12?location=CT%20-%20Hartford%20Springfield&saleDate=1773324000000&liveAuction=false&from=&yardNum=350"
"KY - Louisville","https://www.copart.com/saleListResult/143/2026-03-12?location=KY%20-%20Louisville&saleDate=1773324000000&liveAuction=false&from=&yardNum=143"
"TN - Knoxville","https://www.copart.com/saleListResult/114/2026-03-12?location=TN%20-%20Knoxville&saleDate=1773324000000&liveAuction=false&from=&yardNum=114"
"GA - Atlanta South","https://www.copart.com/saleListResult/146/2026-03-12?location=GA%20-%20Atlanta%20South&saleDate=1773324000000&liveAuction=false&from=&yardNum=146"
"CA - Fresno","https://www.copart.com/saleListResult/4/2026-03-12?location=CA%20-%20Fresno&saleDate=1773342000000&liveAuction=false&from=&yardNum=4"
"CO - Denver Central","https://www.copart.com/saleListResult/120/2026-03-12?location=CO%20-%20Denver%20Central&saleDate=1773338400000&liveAuction=false&from=&yardNum=120"
"CO - Denver","https://www.copart.com/saleListResult/68/2026-03-12?location=CO%20-%20Denver&saleDate=1773338400000&liveAuction=false&from=&yardNum=68"
"*NCS - Central Region","https://www.copart.com/saleListResult/881/2026-03-11?location=*NCS%20-%20Central%20Region&saleDate=1773277200000&liveAuction=false&from=&yardNum=881"
"MD - Baltimore East","https://www.copart.com/saleListResult/342/2026-03-12?location=MD%20-%20Baltimore%20East&saleDate=1773324000000&liveAuction=false&from=&yardNum=342"
"CA - American Canyon","https://www.copart.com/saleListResult/190/2026-03-12?location=CA%20-%20American%20Canyon&saleDate=1773342000000&liveAuction=false&from=&yardNum=190"
"Atlantic Canada Auction","https://www.copart.com/saleListResult/295/2026-03-12?location=Atlantic%20Canada%20Auction&saleDate=1773331200000&liveAuction=false&from=&yardNum=295"
"CA - So Sacramento","https://www.copart.com/saleListResult/16/2026-03-12?location=CA%20-%20So%20Sacramento&saleDate=1773342000000&liveAuction=false&from=&yardNum=16"
"TX - North Austin","https://www.copart.com/saleListResult/394/2026-03-12?location=TX%20-%20North%20Austin&saleDate=1773334800000&liveAuction=false&from=&yardNum=394"
"ID - Boise","https://www.copart.com/saleListResult/72/2026-03-12?location=ID%20-%20Boise&saleDate=1773338400000&liveAuction=false&from=&yardNum=72"
"NC - Concord","https://www.copart.com/saleListResult/356/2026-03-12?location=NC%20-%20Concord&saleDate=1773324000000&liveAuction=false&from=&yardNum=356"
"NC - Raleigh","https://www.copart.com/saleListResult/54/2026-03-12?location=NC%20-%20Raleigh&saleDate=1773324000000&liveAuction=false&from=&yardNum=54"
"GA - Savannah","https://www.copart.com/saleListResult/87/2026-03-12?location=GA%20-%20Savannah&saleDate=1773324000000&liveAuction=false&from=&yardNum=87"
"GA - Macon","https://www.copart.com/saleListResult/187/2026-03-12?location=GA%20-%20Macon&saleDate=1773324000000&liveAuction=false&from=&yardNum=187"
"MI - Wayland","https://www.copart.com/saleListResult/385/2026-03-12?location=MI%20-%20Wayland&saleDate=1773324000000&liveAuction=false&from=&yardNum=385"
"TX - Dallas","https://www.copart.com/saleListResult/12/2026-03-12?location=TX%20-%20Dallas&saleDate=1773334800000&liveAuction=false&from=&yardNum=12"
"TX - Dallas South","https://www.copart.com/saleListResult/181/2026-03-12?location=TX%20-%20Dallas%20South&saleDate=1773334800000&liveAuction=false&from=&yardNum=181"
"CA - Rancho Cucamonga","https://www.copart.com/saleListResult/97/2026-03-12?location=CA%20-%20Rancho%20Cucamonga&saleDate=1773342000000&liveAuction=false&from=&yardNum=97"
"AZ - Phoenix North","https://www.copart.com/saleListResult/362/2026-03-12?location=AZ%20-%20Phoenix%20North&saleDate=1773338400000&liveAuction=false&from=&yardNum=362"
"IL - Chicago North","https://www.copart.com/saleListResult/36/2026-03-12?location=IL%20-%20Chicago%20North&saleDate=1773334800000&liveAuction=false&from=&yardNum=36"
"AL - Montgomery","https://www.copart.com/saleListResult/145/2026-03-12?location=AL%20-%20Montgomery&saleDate=1773334800000&liveAuction=false&from=&yardNum=145"
"RI - Exeter","https://www.copart.com/saleListResult/199/2026-03-12?location=RI%20-%20Exeter&saleDate=1773324000000&liveAuction=false&from=&yardNum=199"
"*NCS - Mountain Region","https://www.copart.com/saleListResult/882/2026-03-11?location=*NCS%20-%20Mountain%20Region&saleDate=1773277200000&liveAuction=false&from=&yardNum=882"
"CA - Los Angeles","https://www.copart.com/saleListResult/10/2026-03-12?location=CA%20-%20Los%20Angeles&saleDate=1773342000000&liveAuction=false&from=&yardNum=10"
"NY - Newburgh","https://www.copart.com/saleListResult/24/2026-03-12?location=NY%20-%20Newburgh&saleDate=1773324000000&liveAuction=false&from=&yardNum=24"
"MA - South Boston","https://www.copart.com/saleListResult/27/2026-03-12?location=MA%20-%20South%20Boston&saleDate=1773324000000&liveAuction=false&from=&yardNum=27"
"ME - Lyman","https://www.copart.com/saleListResult/90/2026-03-12?location=ME%20-%20Lyman&saleDate=1773324000000&liveAuction=false&from=&yardNum=90"
"*NCS - Eastern Region","https://www.copart.com/saleListResult/880/2026-03-11?location=*NCS%20-%20Eastern%20Region&saleDate=1773277200000&liveAuction=false&from=&yardNum=880"
"TX - Austin","https://www.copart.com/saleListResult/62/2026-03-12?location=TX%20-%20Austin&saleDate=1773334800000&liveAuction=false&from=&yardNum=62"
"PA - York Haven","https://www.copart.com/saleListResult/127/2026-03-12?location=PA%20-%20York%20Haven&saleDate=1773324000000&liveAuction=false&from=&yardNum=127"
"Ontario Auction","https://www.copart.com/saleListResult/294/2026-03-12?location=Ontario%20Auction&saleDate=1773324000000&liveAuction=false&from=&yardNum=294"
"CA - San Bernardino","https://www.copart.com/saleListResult/7/2026-03-12?location=CA%20-%20San%20Bernardino&saleDate=1773342000000&liveAuction=false&from=&yardNum=7"
"TX - Houston East","https://www.copart.com/saleListResult/357/2026-03-12?location=TX%20-%20Houston%20East&saleDate=1773334800000&liveAuction=false&from=&yardNum=357"
"MA - North Boston","https://www.copart.com/saleListResult/53/2026-03-12?location=MA%20-%20North%20Boston&saleDate=1773324000000&liveAuction=false&from=&yardNum=53"
"CT - Hartford","https://www.copart.com/saleListResult/23/2026-03-13?location=CT%20-%20Hartford&saleDate=1773410400000&liveAuction=false&from=&yardNum=23"
"OK - Tulsa","https://www.copart.com/saleListResult/19/2026-03-13?location=OK%20-%20Tulsa&saleDate=1773421200000&liveAuction=false&from=&yardNum=19"
"AZ - Tucson","https://www.copart.com/saleListResult/93/2026-03-13?location=AZ%20-%20Tucson&saleDate=1773424800000&liveAuction=false&from=&yardNum=93"
"TX - Ft. Worth","https://www.copart.com/saleListResult/98/2026-03-13?location=TX%20-%20Ft.%20Worth&saleDate=1773421200000&liveAuction=false&from=&yardNum=98"
"Equipment Specialty Sale","https://www.copart.com/saleListResult/837/2026-03-13?location=Equipment%20Specialty%20Sale&saleDate=1773417600000&liveAuction=false&from=&yardNum=837"
"MI - Detroit","https://www.copart.com/saleListResult/61/2026-03-13?location=MI%20-%20Detroit&saleDate=1773410400000&liveAuction=false&from=&yardNum=61"
"NC - Raleigh North","https://www.copart.com/saleListResult/368/2026-03-13?location=NC%20-%20Raleigh%20North&saleDate=1773410400000&liveAuction=false&from=&yardNum=368"
"DC - Washington DC","https://www.copart.com/saleListResult/32/2026-03-13?location=DC%20-%20Washington%20DC&saleDate=1773410400000&liveAuction=false&from=&yardNum=32"
"UT - Salt Lake City","https://www.copart.com/saleListResult/336/2026-03-13?location=UT%20-%20Salt%20Lake%20City&saleDate=1773424800000&liveAuction=false&from=&yardNum=336"
"Connecticut Friday Sale","https://www.copart.com/saleListResult/850/2026-03-13?location=Connecticut%20Friday%20Sale&saleDate=1773428400000&liveAuction=false&from=&yardNum=850"
"PA - Chambersburg","https://www.copart.com/saleListResult/128/2026-03-13?location=PA%20-%20Chambersburg&saleDate=1773410400000&liveAuction=false&from=&yardNum=128"
"KY - Walton","https://www.copart.com/saleListResult/138/2026-03-13?location=KY%20-%20Walton&saleDate=1773410400000&liveAuction=false&from=&yardNum=138"
"CA - Van Nuys","https://www.copart.com/saleListResult/43/2026-03-13?location=CA%20-%20Van%20Nuys&saleDate=1773428400000&liveAuction=false&from=&yardNum=43"
"WA - Pasco","https://www.copart.com/saleListResult/71/2026-03-13?location=WA%20-%20Pasco&saleDate=1773428400000&liveAuction=false&from=&yardNum=71"
"FL - Tallahassee","https://www.copart.com/saleListResult/117/2026-03-13?location=FL%20-%20Tallahassee&saleDate=1773410400000&liveAuction=false&from=&yardNum=117"
"CA - Bakersfield","https://www.copart.com/saleListResult/5/2026-03-13?location=CA%20-%20Bakersfield&saleDate=1773428400000&liveAuction=false&from=&yardNum=5"
"OH - Columbus","https://www.copart.com/saleListResult/29/2026-03-13?location=OH%20-%20Columbus&saleDate=1773410400000&liveAuction=false&from=&yardNum=29"
"OH - Akron","https://www.copart.com/saleListResult/376/2026-03-13?location=OH%20-%20Akron&saleDate=1773410400000&liveAuction=false&from=&yardNum=376"
"MI - Lansing","https://www.copart.com/saleListResult/103/2026-03-13?location=MI%20-%20Lansing&saleDate=1773410400000&liveAuction=false&from=&yardNum=103"
"FL - Tampa South","https://www.copart.com/saleListResult/34/2026-03-13?location=FL%20-%20Tampa%20South&saleDate=1773410400000&liveAuction=false&from=&yardNum=34"
"ME - Windham","https://www.copart.com/saleListResult/384/2026-03-13?location=ME%20-%20Windham&saleDate=1773410400000&liveAuction=false&from=&yardNum=384"
"MO - St. Louis","https://www.copart.com/saleListResult/20/2026-03-13?location=MO%20-%20St.%20Louis&saleDate=1773421200000&liveAuction=false&from=&yardNum=20"
"PA - Philadelphia","https://www.copart.com/saleListResult/26/2026-03-13?location=PA%20-%20Philadelphia&saleDate=1773410400000&liveAuction=false&from=&yardNum=26"
"IA - Des Moines","https://www.copart.com/saleListResult/60/2026-03-13?location=IA%20-%20Des%20Moines&saleDate=1773421200000&liveAuction=false&from=&yardNum=60"
"MI - Ionia","https://www.copart.com/saleListResult/160/2026-03-13?location=MI%20-%20Ionia&saleDate=1773410400000&liveAuction=false&from=&yardNum=160"
"OH - Dayton","https://www.copart.com/saleListResult/166/2026-03-13?location=OH%20-%20Dayton&saleDate=1773410400000&liveAuction=false&from=&yardNum=166"
"MS - Jackson","https://www.copart.com/saleListResult/40/2026-03-13?location=MS%20-%20Jackson&saleDate=1773421200000&liveAuction=false&from=&yardNum=40"
"CA - Long Beach","https://www.copart.com/saleListResult/186/2026-03-13?location=CA%20-%20Long%20Beach&saleDate=1773428400000&liveAuction=false&from=&yardNum=186"
"IN - Indianapolis","https://www.copart.com/saleListResult/44/2026-03-13?location=IN%20-%20Indianapolis&saleDate=1773410400000&liveAuction=false&from=&yardNum=44"
"TX - Houston","https://www.copart.com/saleListResult/11/2026-03-13?location=TX%20-%20Houston&saleDate=1773421200000&liveAuction=false&from=&yardNum=11"
"FL - Punta Gorda","https://www.copart.com/saleListResult/348/2026-03-13?location=FL%20-%20Punta%20Gorda&saleDate=1773410400000&liveAuction=false&from=&yardNum=348"
"TX - El Paso","https://www.copart.com/saleListResult/45/2026-03-13?location=TX%20-%20El%20Paso&saleDate=1773424800000&liveAuction=false&from=&yardNum=45"
"NJ - Somerville","https://www.copart.com/saleListResult/91/2026-03-13?location=NJ%20-%20Somerville&saleDate=1773410400000&liveAuction=false&from=&yardNum=91"
"IL - Chicago South","https://www.copart.com/saleListResult/81/2026-03-13?location=IL%20-%20Chicago%20South&saleDate=1773421200000&liveAuction=false&from=&yardNum=81"
"GA - Atlanta West","https://www.copart.com/saleListResult/15/2026-03-13?location=GA%20-%20Atlanta%20West&saleDate=1773410400000&liveAuction=false&from=&yardNum=15"
"CA - Redding","https://www.copart.com/saleListResult/343/2026-03-13?location=CA%20-%20Redding&saleDate=1773428400000&liveAuction=false&from=&yardNum=343"
"FL - Miami North","https://www.copart.com/saleListResult/33/2026-03-13?location=FL%20-%20Miami%20North&saleDate=1773410400000&liveAuction=false&from=&yardNum=33"
"TX - Abilene","https://www.copart.com/saleListResult/73/2026-03-13?location=TX%20-%20Abilene&saleDate=1773421200000&liveAuction=false&from=&yardNum=73"
"VA - Danville","https://www.copart.com/saleListResult/82/2026-03-13?location=VA%20-%20Danville&saleDate=1773410400000&liveAuction=false&from=&yardNum=82"
"VA - Richmond","https://www.copart.com/saleListResult/139/2026-03-13?location=VA%20-%20Richmond&saleDate=1773410400000&liveAuction=false&from=&yardNum=139"
"LA - Baton Rouge","https://www.copart.com/saleListResult/50/2026-03-13?location=LA%20-%20Baton%20Rouge&saleDate=1773421200000&liveAuction=false&from=&yardNum=50"
"WA - Spanaway","https://www.copart.com/saleListResult/337/2026-03-13?location=WA%20-%20Spanaway&saleDate=1773428400000&liveAuction=false&from=&yardNum=337"
"CA - Vallejo","https://www.copart.com/saleListResult/1/2026-03-13?location=CA%20-%20Vallejo&saleDate=1773428400000&liveAuction=false&from=&yardNum=1"
"MA - North Boston","https://www.copart.com/saleListResult/53/2026-03-13?location=MA%20-%20North%20Boston&saleDate=1773410400000&liveAuction=false&from=&yardNum=53"
"CA - San Diego","https://www.copart.com/saleListResult/59/2026-03-13?location=CA%20-%20San%20Diego&saleDate=1773428400000&liveAuction=false&from=&yardNum=59"
"SC - Columbia","https://www.copart.com/saleListResult/56/2026-03-13?location=SC%20-%20Columbia&saleDate=1773410400000&liveAuction=false&from=&yardNum=56"
"MO - Sikeston","https://www.copart.com/saleListResult/141/2026-03-16?location=MO%20-%20Sikeston&saleDate=1773680400000&liveAuction=false&from=&yardNum=141"
"IL - Peoria","https://www.copart.com/saleListResult/51/2026-03-16?location=IL%20-%20Peoria&saleDate=1773680400000&liveAuction=false&from=&yardNum=51"
"Medium Duty Clean Title Sale","https://www.copart.com/saleListResult/832/2026-03-16?location=Medium%20Duty%20Clean%20Title%20Sale&saleDate=1773676800000&liveAuction=false&from=&yardNum=832"
"ND - Bismarck","https://www.copart.com/saleListResult/363/2026-03-16?location=ND%20-%20Bismarck&saleDate=1773687600000&liveAuction=false&from=&yardNum=363"
"TX - Longview","https://www.copart.com/saleListResult/14/2026-03-16?location=TX%20-%20Longview&saleDate=1773680400000&liveAuction=false&from=&yardNum=14"
"CO - Denver South","https://www.copart.com/saleListResult/193/2026-03-16?location=CO%20-%20Denver%20South&saleDate=1773684000000&liveAuction=false&from=&yardNum=193"
"AZ - Phoenix","https://www.copart.com/saleListResult/47/2026-03-16?location=AZ%20-%20Phoenix&saleDate=1773684000000&liveAuction=false&from=&yardNum=47"
"NM - Albuquerque","https://www.copart.com/saleListResult/75/2026-03-16?location=NM%20-%20Albuquerque&saleDate=1773684000000&liveAuction=false&from=&yardNum=75"
"UT - Ogden","https://www.copart.com/saleListResult/188/2026-03-16?location=UT%20-%20Ogden&saleDate=1773684000000&liveAuction=false&from=&yardNum=188"
"NY - Albany","https://www.copart.com/saleListResult/94/2026-03-16?location=NY%20-%20Albany&saleDate=1773669600000&liveAuction=false&from=&yardNum=94"
"NC - China Grove","https://www.copart.com/saleListResult/41/2026-03-16?location=NC%20-%20China%20Grove&saleDate=1773669600000&liveAuction=false&from=&yardNum=41"
"PA - Philadelphia East","https://www.copart.com/saleListResult/164/2026-03-16?location=PA%20-%20Philadelphia%20East&saleDate=1773669600000&liveAuction=false&from=&yardNum=164"
"CO - Colorado Springs","https://www.copart.com/saleListResult/118/2026-03-16?location=CO%20-%20Colorado%20Springs&saleDate=1773684000000&liveAuction=false&from=&yardNum=118"
"MT - Billings","https://www.copart.com/saleListResult/122/2026-03-16?location=MT%20-%20Billings&saleDate=1773684000000&liveAuction=false&from=&yardNum=122"
"SC - North Charleston","https://www.copart.com/saleListResult/197/2026-03-16?location=SC%20-%20North%20Charleston&saleDate=1773669600000&liveAuction=false&from=&yardNum=197"
"OH - Cleveland West","https://www.copart.com/saleListResult/112/2026-03-16?location=OH%20-%20Cleveland%20West&saleDate=1773669600000&liveAuction=false&from=&yardNum=112"
"Rental Vehicle Sale","https://www.copart.com/saleListResult/838/2026-03-16?location=Rental%20Vehicle%20Sale&saleDate=1773676800000&liveAuction=false&from=&yardNum=838"
"FL - Miami Central","https://www.copart.com/saleListResult/105/2026-03-16?location=FL%20-%20Miami%20Central&saleDate=1773669600000&liveAuction=false&from=&yardNum=105"
"CA - Sun Valley","https://www.copart.com/saleListResult/180/2026-03-16?location=CA%20-%20Sun%20Valley&saleDate=1773687600000&liveAuction=false&from=&yardNum=180"
"MN - St. Cloud","https://www.copart.com/saleListResult/52/2026-03-16?location=MN%20-%20St.%20Cloud&saleDate=1773680400000&liveAuction=false&from=&yardNum=52"
"CA - Martinez","https://www.copart.com/saleListResult/78/2026-03-16?location=CA%20-%20Martinez&saleDate=1773687600000&liveAuction=false&from=&yardNum=78"
"KY - Louisville","https://www.copart.com/saleListResult/143/2026-03-16?location=KY%20-%20Louisville&saleDate=1773669600000&liveAuction=false&from=&yardNum=143"
"FL - Jacksonville North","https://www.copart.com/saleListResult/163/2026-03-16?location=FL%20-%20Jacksonville%20North&saleDate=1773669600000&liveAuction=false&from=&yardNum=163"
"IL - Southern Illinois","https://www.copart.com/saleListResult/189/2026-03-16?location=IL%20-%20Southern%20Illinois&saleDate=1773680400000&liveAuction=false&from=&yardNum=189"
"AR - Fayetteville","https://www.copart.com/saleListResult/140/2026-03-16?location=AR%20-%20Fayetteville&saleDate=1773680400000&liveAuction=false&from=&yardNum=140"
"NY - Buffalo","https://www.copart.com/saleListResult/344/2026-03-16?location=NY%20-%20Buffalo&saleDate=1773669600000&liveAuction=false&from=&yardNum=344"
"CA - Fresno","https://www.copart.com/saleListResult/4/2026-03-16?location=CA%20-%20Fresno&saleDate=1773687600000&liveAuction=false&from=&yardNum=4"
"NY - Rochester","https://www.copart.com/saleListResult/35/2026-03-16?location=NY%20-%20Rochester&saleDate=1773669600000&liveAuction=false&from=&yardNum=35"
"TN - Nashville","https://www.copart.com/saleListResult/63/2026-03-16?location=TN%20-%20Nashville&saleDate=1773680400000&liveAuction=false&from=&yardNum=63"
"IN - Dyer","https://www.copart.com/saleListResult/370/2026-03-16?location=IN%20-%20Dyer&saleDate=1773680400000&liveAuction=false&from=&yardNum=370"
"OR - Portland North","https://www.copart.com/saleListResult/9/2026-03-16?location=OR%20-%20Portland%20North&saleDate=1773687600000&liveAuction=false&from=&yardNum=9"
"VA - Richmond East","https://www.copart.com/saleListResult/101/2026-03-16?location=VA%20-%20Richmond%20East&saleDate=1773669600000&liveAuction=false&from=&yardNum=101"
"OR - Portland South","https://www.copart.com/saleListResult/134/2026-03-16?location=OR%20-%20Portland%20South&saleDate=1773687600000&liveAuction=false&from=&yardNum=134"
"CA - American Canyon","https://www.copart.com/saleListResult/190/2026-03-16?location=CA%20-%20American%20Canyon&saleDate=1773687600000&liveAuction=false&from=&yardNum=190"
"SC - Spartanburg","https://www.copart.com/saleListResult/144/2026-03-16?location=SC%20-%20Spartanburg&saleDate=1773669600000&liveAuction=false&from=&yardNum=144"
"CA - So Sacramento","https://www.copart.com/saleListResult/16/2026-03-16?location=CA%20-%20So%20Sacramento&saleDate=1773687600000&liveAuction=false&from=&yardNum=16"
"AR - Little Rock","https://www.copart.com/saleListResult/21/2026-03-16?location=AR%20-%20Little%20Rock&saleDate=1773680400000&liveAuction=false&from=&yardNum=21"
"NC - Lumberton","https://www.copart.com/saleListResult/338/2026-03-16?location=NC%20-%20Lumberton&saleDate=1773669600000&liveAuction=false&from=&yardNum=338"
"FL - Clewiston","https://www.copart.com/saleListResult/366/2026-03-16?location=FL%20-%20Clewiston&saleDate=1773669600000&liveAuction=false&from=&yardNum=366"
"AL - Mobile","https://www.copart.com/saleListResult/58/2026-03-16?location=AL%20-%20Mobile&saleDate=1773680400000&liveAuction=false&from=&yardNum=58"
"NY - Syracuse","https://www.copart.com/saleListResult/25/2026-03-16?location=NY%20-%20Syracuse&saleDate=1773669600000&liveAuction=false&from=&yardNum=25"
"KY - Lexington East","https://www.copart.com/saleListResult/115/2026-03-16?location=KY%20-%20Lexington%20East&saleDate=1773669600000&liveAuction=false&from=&yardNum=115"
"MD - Baltimore","https://www.copart.com/saleListResult/102/2026-03-16?location=MD%20-%20Baltimore&saleDate=1773669600000&liveAuction=false&from=&yardNum=102"
"NJ - Trenton","https://www.copart.com/saleListResult/135/2026-03-16?location=NJ%20-%20Trenton&saleDate=1773669600000&liveAuction=false&from=&yardNum=135"
"CA - Adelanto","https://www.copart.com/saleListResult/309/2026-03-16?location=CA%20-%20Adelanto&saleDate=1773687600000&liveAuction=false&from=&yardNum=309"
"GA - Savannah","https://www.copart.com/saleListResult/87/2026-03-16?location=GA%20-%20Savannah&saleDate=1773669600000&liveAuction=false&from=&yardNum=87"
"TX - Dallas","https://www.copart.com/saleListResult/12/2026-03-16?location=TX%20-%20Dallas&saleDate=1773680400000&liveAuction=false&from=&yardNum=12"
"WI - Appleton","https://www.copart.com/saleListResult/191/2026-03-16?location=WI%20-%20Appleton&saleDate=1773680400000&liveAuction=false&from=&yardNum=191"
"TX - Dallas South","https://www.copart.com/saleListResult/181/2026-03-16?location=TX%20-%20Dallas%20South&saleDate=1773680400000&liveAuction=false&from=&yardNum=181"
"WA - North Seattle","https://www.copart.com/saleListResult/48/2026-03-16?location=WA%20-%20North%20Seattle&saleDate=1773687600000&liveAuction=false&from=&yardNum=48"
"NV - Las Vegas West","https://www.copart.com/saleListResult/133/2026-03-16?location=NV%20-%20Las%20Vegas%20West&saleDate=1773687600000&liveAuction=false&from=&yardNum=133"
"VT - Rutland","https://www.copart.com/saleListResult/395/2026-03-16?location=VT%20-%20Rutland&saleDate=1773669600000&liveAuction=false&from=&yardNum=395"
"GA - Fairburn","https://www.copart.com/saleListResult/173/2026-03-16?location=GA%20-%20Fairburn&saleDate=1773669600000&liveAuction=false&from=&yardNum=173"
"CA - Los Angeles","https://www.copart.com/saleListResult/10/2026-03-16?location=CA%20-%20Los%20Angeles&saleDate=1773687600000&liveAuction=false&from=&yardNum=10"
"KS - Wichita","https://www.copart.com/saleListResult/67/2026-03-16?location=KS%20-%20Wichita&saleDate=1773680400000&liveAuction=false&from=&yardNum=67"
"WI - Milwaukee South","https://www.copart.com/saleListResult/371/2026-03-16?location=WI%20-%20Milwaukee%20South&saleDate=1773680400000&liveAuction=false&from=&yardNum=371"
"IN - Fort Wayne","https://www.copart.com/saleListResult/360/2026-03-16?location=IN%20-%20Fort%20Wayne&saleDate=1773669600000&liveAuction=false&from=&yardNum=360"
"MA - South Boston","https://www.copart.com/saleListResult/27/2026-03-16?location=MA%20-%20South%20Boston&saleDate=1773669600000&liveAuction=false&from=&yardNum=27"
"GA - Atlanta East","https://www.copart.com/saleListResult/107/2026-03-16?location=GA%20-%20Atlanta%20East&saleDate=1773669600000&liveAuction=false&from=&yardNum=107"
"PA - York Haven","https://www.copart.com/saleListResult/127/2026-03-16?location=PA%20-%20York%20Haven&saleDate=1773669600000&liveAuction=false&from=&yardNum=127"
"TX - Lufkin","https://www.copart.com/saleListResult/13/2026-03-16?location=TX%20-%20Lufkin&saleDate=1773680400000&liveAuction=false&from=&yardNum=13"
"CA - San Bernardino","https://www.copart.com/saleListResult/7/2026-03-16?location=CA%20-%20San%20Bernardino&saleDate=1773687600000&liveAuction=false&from=&yardNum=7"
"TX - Houston East","https://www.copart.com/saleListResult/357/2026-03-16?location=TX%20-%20Houston%20East&saleDate=1773680400000&liveAuction=false&from=&yardNum=357"
"IL - Wheeling","https://www.copart.com/saleListResult/156/2026-03-16?location=IL%20-%20Wheeling&saleDate=1773680400000&liveAuction=false&from=&yardNum=156"
"NY - Long Island","https://www.copart.com/saleListResult/30/2026-03-16?location=NY%20-%20Long%20Island&saleDate=1773669600000&liveAuction=false&from=&yardNum=30"
"FL - Orlando North","https://www.copart.com/saleListResult/153/2026-03-16?location=FL%20-%20Orlando%20North&saleDate=1773669600000&liveAuction=false&from=&yardNum=153"
"GA - Augusta","https://www.copart.com/saleListResult/359/2026-03-17?location=GA%20-%20Augusta&saleDate=1773756000000&liveAuction=false&from=&yardNum=359"
"OR - Eugene","https://www.copart.com/saleListResult/104/2026-03-17?location=OR%20-%20Eugene&saleDate=1773774000000&liveAuction=false&from=&yardNum=104"
"AB - Calgary","https://www.copart.com/saleListResult/203/2026-03-17?location=AB%20-%20Calgary&saleDate=1773770400000&liveAuction=false&from=&yardNum=203"
"CT - Hartford","https://www.copart.com/saleListResult/23/2026-03-17?location=CT%20-%20Hartford&saleDate=1773756000000&liveAuction=false&from=&yardNum=23"
"FL - West Palm Beach","https://www.copart.com/saleListResult/70/2026-03-17?location=FL%20-%20West%20Palm%20Beach&saleDate=1773756000000&liveAuction=false&from=&yardNum=70"
"TX - Ft. Worth","https://www.copart.com/saleListResult/98/2026-03-17?location=TX%20-%20Ft.%20Worth&saleDate=1773766800000&liveAuction=false&from=&yardNum=98"
"Wholesale Auction","https://www.copart.com/saleListResult/855/2026-03-17?location=Wholesale%20Auction&saleDate=1773763200000&liveAuction=false&from=&yardNum=855"
"MI - Detroit","https://www.copart.com/saleListResult/61/2026-03-17?location=MI%20-%20Detroit&saleDate=1773756000000&liveAuction=false&from=&yardNum=61"
"KS - Kansas City","https://www.copart.com/saleListResult/369/2026-03-17?location=KS%20-%20Kansas%20City&saleDate=1773766800000&liveAuction=false&from=&yardNum=369"
"NH - Candia","https://www.copart.com/saleListResult/155/2026-03-17?location=NH%20-%20Candia&saleDate=1773756000000&liveAuction=false&from=&yardNum=155"
"CA - Antelope","https://www.copart.com/saleListResult/151/2026-03-17?location=CA%20-%20Antelope&saleDate=1773774000000&liveAuction=false&from=&yardNum=151"
"CA - Sacramento","https://www.copart.com/saleListResult/2/2026-03-17?location=CA%20-%20Sacramento&saleDate=1773774000000&liveAuction=false&from=&yardNum=2"
"DC - Washington DC","https://www.copart.com/saleListResult/32/2026-03-17?location=DC%20-%20Washington%20DC&saleDate=1773756000000&liveAuction=false&from=&yardNum=32"
"FL - Ocala","https://www.copart.com/saleListResult/108/2026-03-17?location=FL%20-%20Ocala&saleDate=1773756000000&liveAuction=false&from=&yardNum=108"
"TN - Memphis","https://www.copart.com/saleListResult/22/2026-03-17?location=TN%20-%20Memphis&saleDate=1773766800000&liveAuction=false&from=&yardNum=22"
"OK - Oklahoma City","https://www.copart.com/saleListResult/18/2026-03-17?location=OK%20-%20Oklahoma%20City&saleDate=1773766800000&liveAuction=false&from=&yardNum=18"
"AL - Mobile South","https://www.copart.com/saleListResult/184/2026-03-17?location=AL%20-%20Mobile%20South&saleDate=1773766800000&liveAuction=false&from=&yardNum=184"
"CA - Van Nuys","https://www.copart.com/saleListResult/43/2026-03-17?location=CA%20-%20Van%20Nuys&saleDate=1773774000000&liveAuction=false&from=&yardNum=43"
"TX - Amarillo","https://www.copart.com/saleListResult/95/2026-03-17?location=TX%20-%20Amarillo&saleDate=1773766800000&liveAuction=false&from=&yardNum=95"
"NV - Las Vegas","https://www.copart.com/saleListResult/57/2026-03-17?location=NV%20-%20Las%20Vegas&saleDate=1773774000000&liveAuction=false&from=&yardNum=57"
"MN - Minneapolis North","https://www.copart.com/saleListResult/80/2026-03-17?location=MN%20-%20Minneapolis%20North&saleDate=1773766800000&liveAuction=false&from=&yardNum=80"
"CA - Hayward","https://www.copart.com/saleListResult/3/2026-03-17?location=CA%20-%20Hayward&saleDate=1773774000000&liveAuction=false&from=&yardNum=3"
"NJ - Glassboro East","https://www.copart.com/saleListResult/31/2026-03-17?location=NJ%20-%20Glassboro%20East&saleDate=1773756000000&liveAuction=false&from=&yardNum=31"
"FL - Tampa South","https://www.copart.com/saleListResult/34/2026-03-17?location=FL%20-%20Tampa%20South&saleDate=1773756000000&liveAuction=false&from=&yardNum=34"
"MO - St. Louis","https://www.copart.com/saleListResult/20/2026-03-17?location=MO%20-%20St.%20Louis&saleDate=1773766800000&liveAuction=false&from=&yardNum=20"
"TN - Knoxville","https://www.copart.com/saleListResult/114/2026-03-17?location=TN%20-%20Knoxville&saleDate=1773756000000&liveAuction=false&from=&yardNum=114"
"SD - Rapid City","https://www.copart.com/saleListResult/396/2026-03-17?location=SD%20-%20Rapid%20City&saleDate=1773770400000&liveAuction=false&from=&yardNum=396"
"PA - Philadelphia","https://www.copart.com/saleListResult/26/2026-03-17?location=PA%20-%20Philadelphia&saleDate=1773756000000&liveAuction=false&from=&yardNum=26"
"NE - Lincoln","https://www.copart.com/saleListResult/123/2026-03-17?location=NE%20-%20Lincoln&saleDate=1773766800000&liveAuction=false&from=&yardNum=123"
"GA - Atlanta South","https://www.copart.com/saleListResult/146/2026-03-17?location=GA%20-%20Atlanta%20South&saleDate=1773756000000&liveAuction=false&from=&yardNum=146"
"NJ - Glassboro West","https://www.copart.com/saleListResult/69/2026-03-17?location=NJ%20-%20Glassboro%20West&saleDate=1773756000000&liveAuction=false&from=&yardNum=69"
"MO - Columbia","https://www.copart.com/saleListResult/125/2026-03-17?location=MO%20-%20Columbia&saleDate=1773766800000&liveAuction=false&from=&yardNum=125"
"TX - Corpus Christi","https://www.copart.com/saleListResult/96/2026-03-17?location=TX%20-%20Corpus%20Christi&saleDate=1773766800000&liveAuction=false&from=&yardNum=96"
"CO - Denver","https://www.copart.com/saleListResult/68/2026-03-17?location=CO%20-%20Denver&saleDate=1773770400000&liveAuction=false&from=&yardNum=68"
"VA - Hampton","https://www.copart.com/saleListResult/162/2026-03-17?location=VA%20-%20Hampton&saleDate=1773756000000&liveAuction=false&from=&yardNum=162"
"IN - Indianapolis","https://www.copart.com/saleListResult/44/2026-03-17?location=IN%20-%20Indianapolis&saleDate=1773756000000&liveAuction=false&from=&yardNum=44"
"TX - Houston","https://www.copart.com/saleListResult/11/2026-03-17?location=TX%20-%20Houston&saleDate=1773766800000&liveAuction=false&from=&yardNum=11"
"MT - Helena","https://www.copart.com/saleListResult/106/2026-03-17?location=MT%20-%20Helena&saleDate=1773770400000&liveAuction=false&from=&yardNum=106"
"FL - Punta Gorda","https://www.copart.com/saleListResult/348/2026-03-17?location=FL%20-%20Punta%20Gorda&saleDate=1773756000000&liveAuction=false&from=&yardNum=348"
"CA - Rancho Cucamonga","https://www.copart.com/saleListResult/97/2026-03-17?location=CA%20-%20Rancho%20Cucamonga&saleDate=1773774000000&liveAuction=false&from=&yardNum=97"
"PA - Harrisburg","https://www.copart.com/saleListResult/76/2026-03-17?location=PA%20-%20Harrisburg&saleDate=1773756000000&liveAuction=false&from=&yardNum=76"
"Heavy Truck, Trailer, Rv Clean Title Sale","https://www.copart.com/saleListResult/833/2026-03-17?location=Heavy%20Truck,%20Trailer,%20Rv%20Clean%20Title%20Sale&saleDate=1773763200000&liveAuction=false&from=&yardNum=833"
"IL - Chicago North","https://www.copart.com/saleListResult/36/2026-03-17?location=IL%20-%20Chicago%20North&saleDate=1773766800000&liveAuction=false&from=&yardNum=36"
"NY - Newburgh","https://www.copart.com/saleListResult/24/2026-03-17?location=NY%20-%20Newburgh&saleDate=1773756000000&liveAuction=false&from=&yardNum=24"
"GA - Tifton","https://www.copart.com/saleListResult/88/2026-03-17?location=GA%20-%20Tifton&saleDate=1773756000000&liveAuction=false&from=&yardNum=88"
"HI - Honolulu","https://www.copart.com/saleListResult/110/2026-03-16?location=HI%20-%20Honolulu&saleDate=1773698400000&liveAuction=false&from=&yardNum=110"
"QC - Montreal","https://www.copart.com/saleListResult/205/2026-03-17?location=QC%20-%20Montreal&saleDate=1773763200000&liveAuction=false&from=&yardNum=205"
"DE - Seaford","https://www.copart.com/saleListResult/130/2026-03-17?location=DE%20-%20Seaford&saleDate=1773756000000&liveAuction=false&from=&yardNum=130"
"FL - Miami North","https://www.copart.com/saleListResult/33/2026-03-17?location=FL%20-%20Miami%20North&saleDate=1773756000000&liveAuction=false&from=&yardNum=33"
"AL - Birmingham","https://www.copart.com/saleListResult/136/2026-03-17?location=AL%20-%20Birmingham&saleDate=1773766800000&liveAuction=false&from=&yardNum=136"
"WI - Madison South","https://www.copart.com/saleListResult/308/2026-03-17?location=WI%20-%20Madison%20South&saleDate=1773766800000&liveAuction=false&from=&yardNum=308"
"Ontario Auction","https://www.copart.com/saleListResult/294/2026-03-17?location=Ontario%20Auction&saleDate=1773756000000&liveAuction=false&from=&yardNum=294"
"IN - Cicero","https://www.copart.com/saleListResult/170/2026-03-17?location=IN%20-%20Cicero&saleDate=1773756000000&liveAuction=false&from=&yardNum=170"
"LA - Baton Rouge","https://www.copart.com/saleListResult/50/2026-03-17?location=LA%20-%20Baton%20Rouge&saleDate=1773766800000&liveAuction=false&from=&yardNum=50"
"WA - Spanaway","https://www.copart.com/saleListResult/337/2026-03-17?location=WA%20-%20Spanaway&saleDate=1773774000000&liveAuction=false&from=&yardNum=337"
"MS - Grenada","https://www.copart.com/saleListResult/326/2026-03-18?location=MS%20-%20Grenada&saleDate=1773853200000&liveAuction=false&from=&yardNum=326"
"AK - Anchorage","https://www.copart.com/saleListResult/113/2026-03-17?location=AK%20-%20Anchorage&saleDate=1773777600000&liveAuction=false&from=&yardNum=113"
"PA - Pittsburgh West","https://www.copart.com/saleListResult/174/2026-03-18?location=PA%20-%20Pittsburgh%20West&saleDate=1773842400000&liveAuction=false&from=&yardNum=174"
"NC - Gastonia","https://www.copart.com/saleListResult/340/2026-03-18?location=NC%20-%20Gastonia&saleDate=1773842400000&liveAuction=false&from=&yardNum=340"
"OK - Tulsa","https://www.copart.com/saleListResult/19/2026-03-18?location=OK%20-%20Tulsa&saleDate=1773853200000&liveAuction=false&from=&yardNum=19"
"TX - McAllen","https://www.copart.com/saleListResult/65/2026-03-18?location=TX%20-%20McAllen&saleDate=1773853200000&liveAuction=false&from=&yardNum=65"
"Drive Wholesale Canada","https://www.copart.com/saleListResult/292/2026-03-18?location=Drive%20Wholesale%20Canada&saleDate=1773853200000&liveAuction=false&from=&yardNum=292"
"NY - Albany","https://www.copart.com/saleListResult/94/2026-03-18?location=NY%20-%20Albany&saleDate=1773842400000&liveAuction=false&from=&yardNum=94"
"PA - Scranton","https://www.copart.com/saleListResult/142/2026-03-18?location=PA%20-%20Scranton&saleDate=1773842400000&liveAuction=false&from=&yardNum=142"
"PA - Philadelphia East","https://www.copart.com/saleListResult/164/2026-03-18?location=PA%20-%20Philadelphia%20East&saleDate=1773842400000&liveAuction=false&from=&yardNum=164"
"VA - Fredericksburg","https://www.copart.com/saleListResult/194/2026-03-18?location=VA%20-%20Fredericksburg&saleDate=1773842400000&liveAuction=false&from=&yardNum=194"
"CA - Mentone","https://www.copart.com/saleListResult/367/2026-03-18?location=CA%20-%20Mentone&saleDate=1773860400000&liveAuction=false&from=&yardNum=367"
"KY - Lexington West","https://www.copart.com/saleListResult/83/2026-03-18?location=KY%20-%20Lexington%20West&saleDate=1773842400000&liveAuction=false&from=&yardNum=83"
"MO - Springfield","https://www.copart.com/saleListResult/92/2026-03-18?location=MO%20-%20Springfield&saleDate=1773853200000&liveAuction=false&from=&yardNum=92"
"GA - Atlanta North","https://www.copart.com/saleListResult/157/2026-03-18?location=GA%20-%20Atlanta%20North&saleDate=1773842400000&liveAuction=false&from=&yardNum=157"
"NC - Mebane","https://www.copart.com/saleListResult/154/2026-03-18?location=NC%20-%20Mebane&saleDate=1773842400000&liveAuction=false&from=&yardNum=154"
"CA - Martinez","https://www.copart.com/saleListResult/78/2026-03-18?location=CA%20-%20Martinez&saleDate=1773860400000&liveAuction=false&from=&yardNum=78"
"AL - Tanner","https://www.copart.com/saleListResult/66/2026-03-18?location=AL%20-%20Tanner&saleDate=1773853200000&liveAuction=false&from=&yardNum=66"
"ME - Windham","https://www.copart.com/saleListResult/384/2026-03-18?location=ME%20-%20Windham&saleDate=1773842400000&liveAuction=false&from=&yardNum=384"
"FL - Jacksonville North","https://www.copart.com/saleListResult/163/2026-03-18?location=FL%20-%20Jacksonville%20North&saleDate=1773842400000&liveAuction=false&from=&yardNum=163"
"IL - Southern Illinois","https://www.copart.com/saleListResult/189/2026-03-18?location=IL%20-%20Southern%20Illinois&saleDate=1773853200000&liveAuction=false&from=&yardNum=189"
"Medium Duty Specialty Sale","https://www.copart.com/saleListResult/835/2026-03-18?location=Medium%20Duty%20Specialty%20Sale&saleDate=1773849600000&liveAuction=false&from=&yardNum=835"
"FL - Ft. Pierce","https://www.copart.com/saleListResult/86/2026-03-18?location=FL%20-%20Ft.%20Pierce&saleDate=1773842400000&liveAuction=false&from=&yardNum=86"
"MA - West Warren","https://www.copart.com/saleListResult/149/2026-03-18?location=MA%20-%20West%20Warren&saleDate=1773842400000&liveAuction=false&from=&yardNum=149"
"AR - Fayetteville","https://www.copart.com/saleListResult/140/2026-03-18?location=AR%20-%20Fayetteville&saleDate=1773853200000&liveAuction=false&from=&yardNum=140"
"MA - Freetown","https://www.copart.com/saleListResult/361/2026-03-18?location=MA%20-%20Freetown&saleDate=1773842400000&liveAuction=false&from=&yardNum=361"
"WA - Spokane","https://www.copart.com/saleListResult/116/2026-03-18?location=WA%20-%20Spokane&saleDate=1773860400000&liveAuction=false&from=&yardNum=116"
"NY - Syracuse","https://www.copart.com/saleListResult/25/2026-03-18?location=NY%20-%20Syracuse&saleDate=1773842400000&liveAuction=false&from=&yardNum=25"
"NJ - Trenton","https://www.copart.com/saleListResult/135/2026-03-18?location=NJ%20-%20Trenton&saleDate=1773842400000&liveAuction=false&from=&yardNum=135"
"IA - Cedar Rapids","https://www.copart.com/saleListResult/398/2026-03-18?location=IA%20-%20Cedar%20Rapids&saleDate=1773853200000&liveAuction=false&from=&yardNum=398"
"IL - Chicago South","https://www.copart.com/saleListResult/81/2026-03-18?location=IL%20-%20Chicago%20South&saleDate=1773853200000&liveAuction=false&from=&yardNum=81"
"PA - Pittsburgh South","https://www.copart.com/saleListResult/85/2026-03-18?location=PA%20-%20Pittsburgh%20South&saleDate=1773842400000&liveAuction=false&from=&yardNum=85"
"TX - Andrews","https://www.copart.com/saleListResult/185/2026-03-18?location=TX%20-%20Andrews&saleDate=1773853200000&liveAuction=false&from=&yardNum=185"
"TX - Waco","https://www.copart.com/saleListResult/182/2026-03-18?location=TX%20-%20Waco&saleDate=1773853200000&liveAuction=false&from=&yardNum=182"
"WY - Casper","https://www.copart.com/saleListResult/328/2026-03-18?location=WY%20-%20Casper&saleDate=1773856800000&liveAuction=false&from=&yardNum=328"
"MI - Flint","https://www.copart.com/saleListResult/159/2026-03-18?location=MI%20-%20Flint&saleDate=1773842400000&liveAuction=false&from=&yardNum=159"
"LA - New Orleans","https://www.copart.com/saleListResult/79/2026-03-18?location=LA%20-%20New%20Orleans&saleDate=1773853200000&liveAuction=false&from=&yardNum=79"
"NY - Long Island","https://www.copart.com/saleListResult/30/2026-03-18?location=NY%20-%20Long%20Island&saleDate=1773842400000&liveAuction=false&from=&yardNum=30"
"FL - Orlando North","https://www.copart.com/saleListResult/153/2026-03-18?location=FL%20-%20Orlando%20North&saleDate=1773842400000&liveAuction=false&from=&yardNum=153"
"KY - Earlington","https://www.copart.com/saleListResult/345/2026-03-19?location=KY%20-%20Earlington&saleDate=1773939600000&liveAuction=false&from=&yardNum=345"
"Wholesale Auction","https://www.copart.com/saleListResult/855/2026-03-19?location=Wholesale%20Auction&saleDate=1773936000000&liveAuction=false&from=&yardNum=855"
"AB - Edmonton","https://www.copart.com/saleListResult/204/2026-03-19?location=AB%20-%20Edmonton&saleDate=1773943200000&liveAuction=false&from=&yardNum=204"
"TN - Memphis","https://www.copart.com/saleListResult/22/2026-03-19?location=TN%20-%20Memphis&saleDate=1773939600000&liveAuction=false&from=&yardNum=22"
"Heavy Truck, Trailer, Rv Specialty Sale","https://www.copart.com/saleListResult/836/2026-03-19?location=Heavy%20Truck,%20Trailer,%20Rv%20Specialty%20Sale&saleDate=1773936000000&liveAuction=false&from=&yardNum=836"
"LA - Shreveport","https://www.copart.com/saleListResult/84/2026-03-19?location=LA%20-%20Shreveport&saleDate=1773939600000&liveAuction=false&from=&yardNum=84"
"AL - Dothan","https://www.copart.com/saleListResult/341/2026-03-19?location=AL%20-%20Dothan&saleDate=1773939600000&liveAuction=false&from=&yardNum=341"
"NV - Reno","https://www.copart.com/saleListResult/100/2026-03-19?location=NV%20-%20Reno&saleDate=1773946800000&liveAuction=false&from=&yardNum=100"
"CA - Fresno","https://www.copart.com/saleListResult/4/2026-03-19?location=CA%20-%20Fresno&saleDate=1773946800000&liveAuction=false&from=&yardNum=4"
"CO - Denver","https://www.copart.com/saleListResult/68/2026-03-19?location=CO%20-%20Denver&saleDate=1773943200000&liveAuction=false&from=&yardNum=68"
"Atlantic Canada Auction","https://www.copart.com/saleListResult/295/2026-03-19?location=Atlantic%20Canada%20Auction&saleDate=1773936000000&liveAuction=false&from=&yardNum=295"
"TX - North Austin","https://www.copart.com/saleListResult/394/2026-03-19?location=TX%20-%20North%20Austin&saleDate=1773939600000&liveAuction=false&from=&yardNum=394"
"CA - Rancho Cucamonga","https://www.copart.com/saleListResult/97/2026-03-19?location=CA%20-%20Rancho%20Cucamonga&saleDate=1773946800000&liveAuction=false&from=&yardNum=97"
"NY - Newburgh","https://www.copart.com/saleListResult/24/2026-03-19?location=NY%20-%20Newburgh&saleDate=1773928800000&liveAuction=false&from=&yardNum=24"
"TX - Austin","https://www.copart.com/saleListResult/62/2026-03-19?location=TX%20-%20Austin&saleDate=1773939600000&liveAuction=false&from=&yardNum=62"
"PA - York Haven","https://www.copart.com/saleListResult/127/2026-03-19?location=PA%20-%20York%20Haven&saleDate=1773928800000&liveAuction=false&from=&yardNum=127"
"Ontario Auction","https://www.copart.com/saleListResult/294/2026-03-19?location=Ontario%20Auction&saleDate=1773928800000&liveAuction=false&from=&yardNum=294"
"Equipment Specialty Sale","https://www.copart.com/saleListResult/837/2026-03-20?location=Equipment%20Specialty%20Sale&saleDate=1774022400000&liveAuction=false&from=&yardNum=837"
"MI - Detroit","https://www.copart.com/saleListResult/61/2026-03-20?location=MI%20-%20Detroit&saleDate=1774015200000&liveAuction=false&from=&yardNum=61"
"CA - Bakersfield","https://www.copart.com/saleListResult/5/2026-03-20?location=CA%20-%20Bakersfield&saleDate=1774033200000&liveAuction=false&from=&yardNum=5"
"MO - St. Louis","https://www.copart.com/saleListResult/20/2026-03-20?location=MO%20-%20St.%20Louis&saleDate=1774026000000&liveAuction=false&from=&yardNum=20"
"IA - Des Moines","https://www.copart.com/saleListResult/60/2026-03-20?location=IA%20-%20Des%20Moines&saleDate=1774026000000&liveAuction=false&from=&yardNum=60"
"MI - Ionia","https://www.copart.com/saleListResult/160/2026-03-20?location=MI%20-%20Ionia&saleDate=1774015200000&liveAuction=false&from=&yardNum=160"
"OH - Dayton","https://www.copart.com/saleListResult/166/2026-03-20?location=OH%20-%20Dayton&saleDate=1774015200000&liveAuction=false&from=&yardNum=166"
"TX - Houston","https://www.copart.com/saleListResult/11/2026-03-20?location=TX%20-%20Houston&saleDate=1774026000000&liveAuction=false&from=&yardNum=11"
"VA - Richmond","https://www.copart.com/saleListResult/139/2026-03-20?location=VA%20-%20Richmond&saleDate=1774015200000&liveAuction=false&from=&yardNum=139"
"WA - Spanaway","https://www.copart.com/saleListResult/337/2026-03-20?location=WA%20-%20Spanaway&saleDate=1774033200000&liveAuction=false&from=&yardNum=337"
"CA - Vallejo","https://www.copart.com/saleListResult/1/2026-03-20?location=CA%20-%20Vallejo&saleDate=1774033200000&liveAuction=false&from=&yardNum=1"
"SC - Columbia","https://www.copart.com/saleListResult/56/2026-03-20?location=SC%20-%20Columbia&saleDate=1774015200000&liveAuction=false&from=&yardNum=56"
"CO - Denver South","https://www.copart.com/saleListResult/193/2026-03-23?location=CO%20-%20Denver%20South&saleDate=1774288800000&liveAuction=false&from=&yardNum=193"
"Medium Duty Clean Title Sale","https://www.copart.com/saleListResult/832/2026-03-23?location=Medium%20Duty%20Clean%20Title%20Sale&saleDate=1774281600000&liveAuction=false&from=&yardNum=832"
"SC - North Charleston","https://www.copart.com/saleListResult/197/2026-03-23?location=SC%20-%20North%20Charleston&saleDate=1774274400000&liveAuction=false&from=&yardNum=197"
"NY - Albany","https://www.copart.com/saleListResult/94/2026-03-23?location=NY%20-%20Albany&saleDate=1774274400000&liveAuction=false&from=&yardNum=94"
"FL - Jacksonville North","https://www.copart.com/saleListResult/163/2026-03-23?location=FL%20-%20Jacksonville%20North&saleDate=1774274400000&liveAuction=false&from=&yardNum=163"
"TN - Nashville","https://www.copart.com/saleListResult/63/2026-03-23?location=TN%20-%20Nashville&saleDate=1774285200000&liveAuction=false&from=&yardNum=63"
"NY - Long Island","https://www.copart.com/saleListResult/30/2026-03-23?location=NY%20-%20Long%20Island&saleDate=1774274400000&liveAuction=false&from=&yardNum=30"
"FL - Clewiston","https://www.copart.com/saleListResult/366/2026-03-23?location=FL%20-%20Clewiston&saleDate=1774274400000&liveAuction=false&from=&yardNum=366"
"WI - Milwaukee South","https://www.copart.com/saleListResult/371/2026-03-23?location=WI%20-%20Milwaukee%20South&saleDate=1774285200000&liveAuction=false&from=&yardNum=371"
"AB - Calgary","https://www.copart.com/saleListResult/203/2026-03-24?location=AB%20-%20Calgary&saleDate=1774375200000&liveAuction=false&from=&yardNum=203"
"OR - Eugene","https://www.copart.com/saleListResult/104/2026-03-24?location=OR%20-%20Eugene&saleDate=1774378800000&liveAuction=false&from=&yardNum=104"
"Wholesale Auction","https://www.copart.com/saleListResult/855/2026-03-24?location=Wholesale%20Auction&saleDate=1774368000000&liveAuction=false&from=&yardNum=855"
"KS - Kansas City","https://www.copart.com/saleListResult/369/2026-03-24?location=KS%20-%20Kansas%20City&saleDate=1774371600000&liveAuction=false&from=&yardNum=369"
"NH - Candia","https://www.copart.com/saleListResult/155/2026-03-24?location=NH%20-%20Candia&saleDate=1774360800000&liveAuction=false&from=&yardNum=155"
"TN - Memphis","https://www.copart.com/saleListResult/22/2026-03-24?location=TN%20-%20Memphis&saleDate=1774371600000&liveAuction=false&from=&yardNum=22"
"OH - Columbus","https://www.copart.com/saleListResult/29/2026-03-24?location=OH%20-%20Columbus&saleDate=1774360800000&liveAuction=false&from=&yardNum=29"
"NC - Raleigh","https://www.copart.com/saleListResult/54/2026-03-24?location=NC%20-%20Raleigh&saleDate=1774360800000&liveAuction=false&from=&yardNum=54"
"Heavy Truck, Trailer, Rv Clean Title Sale","https://www.copart.com/saleListResult/833/2026-03-24?location=Heavy%20Truck,%20Trailer,%20Rv%20Clean%20Title%20Sale&saleDate=1774368000000&liveAuction=false&from=&yardNum=833"
"QC - Montreal","https://www.copart.com/saleListResult/205/2026-03-24?location=QC%20-%20Montreal&saleDate=1774368000000&liveAuction=false&from=&yardNum=205"
"CO - Denver South","https://www.copart.com/saleListResult/193/2026-03-25?location=CO%20-%20Denver%20South&saleDate=1774461600000&liveAuction=false&from=&yardNum=193"
"AK - Anchorage","https://www.copart.com/saleListResult/113/2026-03-24?location=AK%20-%20Anchorage&saleDate=1774382400000&liveAuction=false&from=&yardNum=113"
"Drive Wholesale Canada","https://www.copart.com/saleListResult/292/2026-03-25?location=Drive%20Wholesale%20Canada&saleDate=1774458000000&liveAuction=false&from=&yardNum=292"
"NY - Albany","https://www.copart.com/saleListResult/94/2026-03-25?location=NY%20-%20Albany&saleDate=1774447200000&liveAuction=false&from=&yardNum=94"
"NY - Long Island","https://www.copart.com/saleListResult/30/2026-03-25?location=NY%20-%20Long%20Island&saleDate=1774447200000&liveAuction=false&from=&yardNum=30"
"IA - Cedar Rapids","https://www.copart.com/saleListResult/398/2026-03-25?location=IA%20-%20Cedar%20Rapids&saleDate=1774458000000&liveAuction=false&from=&yardNum=398"
"WI - Milwaukee North","https://www.copart.com/saleListResult/339/2026-03-25?location=WI%20-%20Milwaukee%20North&saleDate=1774458000000&liveAuction=false&from=&yardNum=339"
"CrashedToys Powersport Auction","https://www.copart.com/saleListResult/841/2026-03-26?location=%20CrashedToys%20Powersport%20Auction&saleDate=1774544400000&liveAuction=false&from=&yardNum=841"
"Wholesale Auction","https://www.copart.com/saleListResult/855/2026-03-26?location=Wholesale%20Auction&saleDate=1774540800000&liveAuction=false&from=&yardNum=855"
"TN - Memphis","https://www.copart.com/saleListResult/22/2026-03-26?location=TN%20-%20Memphis&saleDate=1774544400000&liveAuction=false&from=&yardNum=22"
"CA - Hayward","https://www.copart.com/saleListResult/3/2026-03-26?location=CA%20-%20Hayward&saleDate=1774551600000&liveAuction=false&from=&yardNum=3"
"Atlantic Canada Auction","https://www.copart.com/saleListResult/295/2026-03-26?location=Atlantic%20Canada%20Auction&saleDate=1774540800000&liveAuction=false&from=&yardNum=295"
"MO - St. Louis","https://www.copart.com/saleListResult/20/2026-03-27?location=MO%20-%20St.%20Louis&saleDate=1774630800000&liveAuction=false&from=&yardNum=20"
"TX - Houston","https://www.copart.com/saleListResult/11/2026-03-27?location=TX%20-%20Houston&saleDate=1774630800000&liveAuction=false&from=&yardNum=11"
"GA - Atlanta West","https://www.copart.com/saleListResult/15/2026-03-27?location=GA%20-%20Atlanta%20West&saleDate=1774620000000&liveAuction=false&from=&yardNum=15"
"NY - Albany","https://www.copart.com/saleListResult/94/2026-03-30?location=NY%20-%20Albany&saleDate=1774879200000&liveAuction=false&from=&yardNum=94"
"CA - Sun Valley","https://www.copart.com/saleListResult/180/2026-03-30?location=CA%20-%20Sun%20Valley&saleDate=1774897200000&liveAuction=false&from=&yardNum=180"
"NY - Long Island","https://www.copart.com/saleListResult/30/2026-03-30?location=NY%20-%20Long%20Island&saleDate=1774879200000&liveAuction=false&from=&yardNum=30"
"NY - Syracuse","https://www.copart.com/saleListResult/25/2026-03-30?location=NY%20-%20Syracuse&saleDate=1774879200000&liveAuction=false&from=&yardNum=25"
"NJ - Trenton","https://www.copart.com/saleListResult/135/2026-03-30?location=NJ%20-%20Trenton&saleDate=1774879200000&liveAuction=false&from=&yardNum=135"
"WI - Milwaukee South","https://www.copart.com/saleListResult/371/2026-03-30?location=WI%20-%20Milwaukee%20South&saleDate=1774890000000&liveAuction=false&from=&yardNum=371"
"CA - San Bernardino","https://www.copart.com/saleListResult/7/2026-03-30?location=CA%20-%20San%20Bernardino&saleDate=1774897200000&liveAuction=false&from=&yardNum=7"
"OR - Eugene","https://www.copart.com/saleListResult/104/2026-03-31?location=OR%20-%20Eugene&saleDate=1774983600000&liveAuction=false&from=&yardNum=104"
"TN - Memphis","https://www.copart.com/saleListResult/22/2026-03-31?location=TN%20-%20Memphis&saleDate=1774976400000&liveAuction=false&from=&yardNum=22"
"FL - Orlando South","https://www.copart.com/saleListResult/55/2026-03-31?location=FL%20-%20Orlando%20South&saleDate=1774965600000&liveAuction=false&from=&yardNum=55"
"Wholesale Auction","https://www.copart.com/saleListResult/855/2026-03-31?location=Wholesale%20Auction&saleDate=1774972800000&liveAuction=false&from=&yardNum=855"
"Drive Wholesale Canada","https://www.copart.com/saleListResult/292/2026-04-01?location=Drive%20Wholesale%20Canada&saleDate=1775062800000&liveAuction=false&from=&yardNum=292"
"TN - Nashville","https://www.copart.com/saleListResult/63/2026-04-01?location=TN%20-%20Nashville&saleDate=1775062800000&liveAuction=false&from=&yardNum=63"
"NY - Albany","https://www.copart.com/saleListResult/94/2026-04-01?location=NY%20-%20Albany&saleDate=1775052000000&liveAuction=false&from=&yardNum=94"
"NY - Syracuse","https://www.copart.com/saleListResult/25/2026-04-01?location=NY%20-%20Syracuse&saleDate=1775052000000&liveAuction=false&from=&yardNum=25"
"NY - Long Island","https://www.copart.com/saleListResult/30/2026-04-01?location=NY%20-%20Long%20Island&saleDate=1775052000000&liveAuction=false&from=&yardNum=30"
"CA - Rancho Cucamonga","https://www.copart.com/saleListResult/97/2026-04-02?location=CA%20-%20Rancho%20Cucamonga&saleDate=1775156400000&liveAuction=false&from=&yardNum=97"
"CrashedToys Powersport Auction","https://www.copart.com/saleListResult/841/2026-04-02?location=%20CrashedToys%20Powersport%20Auction&saleDate=1775149200000&liveAuction=false&from=&yardNum=841"
"PA - Philadelphia","https://www.copart.com/saleListResult/26/2026-04-03?location=PA%20-%20Philadelphia&saleDate=1775224800000&liveAuction=false&from=&yardNum=26"
"MI - Detroit","https://www.copart.com/saleListResult/61/2026-04-03?location=MI%20-%20Detroit&saleDate=1775224800000&liveAuction=false&from=&yardNum=61"
"NY - Albany","https://www.copart.com/saleListResult/94/2026-04-06?location=NY%20-%20Albany&saleDate=1775484000000&liveAuction=false&from=&yardNum=94"
"NY - Long Island","https://www.copart.com/saleListResult/30/2026-04-06?location=NY%20-%20Long%20Island&saleDate=1775484000000&liveAuction=false&from=&yardNum=30"
"NY - Rochester","https://www.copart.com/saleListResult/35/2026-04-06?location=NY%20-%20Rochester&saleDate=1775484000000&liveAuction=false&from=&yardNum=35"
"Ontario Auction","https://www.copart.com/saleListResult/294/2026-04-07?location=Ontario%20Auction&saleDate=1775570400000&liveAuction=false&from=&yardNum=294"
"OR - Eugene","https://www.copart.com/saleListResult/104/2026-04-07?location=OR%20-%20Eugene&saleDate=1775588400000&liveAuction=false&from=&yardNum=104"
"NY - Albany","https://www.copart.com/saleListResult/94/2026-04-08?location=NY%20-%20Albany&saleDate=1775656800000&liveAuction=false&from=&yardNum=94"
"Medium Duty Specialty Sale","https://www.copart.com/saleListResult/835/2026-04-08?location=Medium%20Duty%20Specialty%20Sale&saleDate=1775664000000&liveAuction=false&from=&yardNum=835"
"NY - Long Island","https://www.copart.com/saleListResult/30/2026-04-08?location=NY%20-%20Long%20Island&saleDate=1775656800000&liveAuction=false&from=&yardNum=30"
"SC - Spartanburg","https://www.copart.com/saleListResult/144/2026-04-08?location=SC%20-%20Spartanburg&saleDate=1775656800000&liveAuction=false&from=&yardNum=144"
"CrashedToys Powersport Auction","https://www.copart.com/saleListResult/841/2026-04-09?location=%20CrashedToys%20Powersport%20Auction&saleDate=1775754000000&liveAuction=false&from=&yardNum=841"
"NY - Albany","https://www.copart.com/saleListResult/94/2026-04-13?location=NY%20-%20Albany&saleDate=1776088800000&liveAuction=false&from=&yardNum=94"
"NY - Long Island","https://www.copart.com/saleListResult/30/2026-04-13?location=NY%20-%20Long%20Island&saleDate=1776088800000&liveAuction=false&from=&yardNum=30"
"NY - Rochester","https://www.copart.com/saleListResult/35/2026-04-13?location=NY%20-%20Rochester&saleDate=1776088800000&liveAuction=false&from=&yardNum=35"
"IN - Cicero","https://www.copart.com/saleListResult/170/2026-04-14?location=IN%20-%20Cicero&saleDate=1776175200000&liveAuction=false&from=&yardNum=170"
"OR - Eugene","https://www.copart.com/saleListResult/104/2026-04-14?location=OR%20-%20Eugene&saleDate=1776193200000&liveAuction=false&from=&yardNum=104"
"NY - Albany","https://www.copart.com/saleListResult/94/2026-04-15?location=NY%20-%20Albany&saleDate=1776261600000&liveAuction=false&from=&yardNum=94"
"NY - Long Island","https://www.copart.com/saleListResult/30/2026-04-15?location=NY%20-%20Long%20Island&saleDate=1776261600000&liveAuction=false&from=&yardNum=30"
"CrashedToys Powersport Auction","https://www.copart.com/saleListResult/841/2026-04-16?location=%20CrashedToys%20Powersport%20Auction&saleDate=1776358800000&liveAuction=false&from=&yardNum=841"