Lot URL,Lot/Inv #,Est. Retail value,Sale date,Year,Make,Model,Engine type,Cylinders,VIN,Title code,Odometer,Odometer description,Damage description,Current bid,My bid,Item number,Sale name,Auto grade,Sale light,Announcements
https://www.copart.com/lot/99726395/clean-title-2021-ford-transit-delivery-truck-tn-memphis,99726395,"26,020 USD",03/16/2026 08:00 pm GMT+4,2021,FORD,TRANSIT,3.5L 6,6,1FDDF6P81MKA56209,CERTIFICATE OF TITLE,"64,151 A",ACTUAL,NORMAL WEAR,0 USD,0 USD,0,TN - MEMPHIS,3,N/A,N/A
https://www.copart.com/lot/99521705/clean-title-2015-ford-transit-connect-xl-fl-orlando-north,99521705,"10,340 USD",03/16/2026 08:00 pm GMT+4,2015,FORD,TRANSIT CONNECT,2.5L  4,4,NM0LS7E74F1187121,CERTIFICATE OF TITLE,"183,314 A",ACTUAL,REAR END,0 USD,0 USD,0,FL - ORLANDO NORTH,0,N/A,N/A
https://www.copart.com/lot/99446895/clean-title-2013-chevrolet-express-g2500-tn-memphis,99446895,$1 USD,03/16/2026 08:00 pm GMT+4,2013,CHEV,EXPRESS G2500,4.8L  8,8,1GCWGFCA8D1902960,CERTIFICATE OF TITLE,"157,599 A",ACTUAL,NORMAL WEAR,0 USD,0 USD,0,TN - MEMPHIS,3.2,N/A,"Other,Emission"
https://www.copart.com/lot/99437275/clean-title-2013-chevrolet-express-g2500-tx-lufkin,99437275,$1 USD,03/16/2026 08:00 pm GMT+4,2013,CHEV,EXPRESS G2500,4.8L  8,8,1GCWGFCA1D1904159,CERTIFICATE OF TITLE,"198,739 A",ACTUAL,FRONT END,0 USD,0 USD,0,TX - LUFKIN,2.7,N/A,"Other,Emission"
https://www.copart.com/lot/99312635/clean-title-2017-ford-transit-delivery-van-mi-wayland,99312635,"18,962 USD",03/16/2026 08:00 pm GMT+4,2017,FORD,TRANSIT,3.7L  6,6,1FBZX2CM4HKA85605,CERTIFICATE OF TITLE,"141,650 A",ACTUAL,REAR END,0 USD,0 USD,0,MI - WAYLAND,0,N/A,N/A
https://www.copart.com/lot/98778755/clean-title-2018-ford-transit-t-350-pa-pittsburgh-south,98778755,$1 USD,03/16/2026 08:00 pm GMT+4,2018,FORD,TRANSIT,3.7L  6,6,1FBZX2CM9JKB06650,CERT OF TITLE,"41,388 A",ACTUAL,MINOR DENT/SCRATCHES,175 USD,0 USD,0,PA - PITTSBURGH SOUTH,0,N/A,N/A
https://www.copart.com/lot/98428765/clean-title-2013-ford-transit-connect-tx-san-antonio,98428765,$1 USD,03/16/2026 08:00 pm GMT+4,2013,FORD,TRANSIT CONNECT,2.0L  4,4,NM0LS7AN9DT140866,CERTIFICATE OF TITLE,"79,253 A",ACTUAL,MECHANICAL,0 USD,0 USD,0,TX - SAN ANTONIO,2.8,N/A,"Maintenance,Safety,Other"
https://www.copart.com/lot/98408255/clean-title-2013-chevrolet-silverado-k2500-heavy-duty-mi-flint,98408255,"10,100 USD",03/16/2026 08:00 pm GMT+4,2013,CHEV,SILVERADO,6.0L  8,8,1GC2KVCG2DZ138956,CERTIFICATE OF TITLE,0 N,NOT ACTUAL,ROLLOVER,0 USD,0 USD,0,MI - FLINT,0,N/A,N/A
https://www.copart.com/lot/98014585/clean-title-2018-nissan-nv-1500-s-dc-washington-dc,98014585,$1 USD,03/16/2026 08:00 pm GMT+4,2018,NISS,NV,4.0L  6,6,1N6BF0KY7JN801018,CERTIFICATE OF TITLE,"210,418 A",ACTUAL,MINOR DENT/SCRATCHES,225 USD,0 USD,0,DC - WASHINGTON DC,0,N/A,N/A
https://www.copart.com/lot/97677715/clean-title-2019-isuzu-npr-box-truck-fl-jacksonville-north,97677715,$1 USD,03/16/2026 08:00 pm GMT+4,2019,ISU,NPR,6.0L 8,8,54DB4W1B6KS810042,CERTIFICATE OF TITLE,"142,015 A",ACTUAL,FRONT END,0 USD,0 USD,0,FL - JACKSONVILLE NORTH,3.4,N/A,Emission
https://www.copart.com/lot/97507915/clean-title-2015-nissan-nv200-2-5s-ma-north-boston,97507915,"5,238 USD",03/16/2026 08:00 pm GMT+4,2015,NISS,NV200,2.0L  4,4,3N6CM0KNXFK705347,CERT OF TITLE-RECONSTRCTD COLL,"193,077 A",ACTUAL,FRONT END,0 USD,0 USD,0,MA - NORTH BOSTON,0,N/A,N/A
https://www.copart.com/lot/97420075/clean-title-2017-ford-f650-super-duty-box-truck-de-seaford,97420075,"15,000 USD",03/16/2026 08:00 pm GMT+4,2017,FORD,F650,6.8L 10,10,1FDNF6AY4HDB09721,CERTIFICATE OF TITLE,"148,013 A",ACTUAL,MINOR DENT/SCRATCHES,0 USD,0 USD,0,DE - SEAFORD,3.1,N/A,N/A
https://www.copart.com/lot/96352645/clean-title-2019-ford-transit-250-delivery-van-mi-flint,96352645,"14,687 USD",03/16/2026 08:00 pm GMT+4,2019,FORD,TRANSIT,3.5L  6,6,1FTYR2CG3KKB45800,CERTIFICATE OF TITLE,"176,031 A",ACTUAL,ROLLOVER,0 USD,0 USD,0,MI - FLINT,0,N/A,N/A
https://www.copart.com/lot/96147265/clean-title-2017-ram-promaster-city-co-denver-south,96147265,"10,306 USD",03/16/2026 08:00 pm GMT+4,2017,RAM,PROMASTER CITY,2.4L  4,4,ZFBERFAB7H6E33358,DIS/DLR/EXP ONLY CLEAN TITLE,"101,874 A",ACTUAL,FRONT END,275 USD,0 USD,0,CO - DENVER SOUTH,0,N/A,N/A
https://www.copart.com/lot/96067465/clean-title-2018-mercedes-benz-sprinter-2500-delivery-van-ma-west-warren,96067465,$1 USD,03/16/2026 08:00 pm GMT+4,2018,MERZ,SPRINTER 2,3.0L  6,6,WD3PE7CD5JP642613,CERTIFICATE OF TITLE (P),"144,978 A",ACTUAL,MECHANICAL,0 USD,0 USD,0,MA - WEST WARREN,0,N/A,N/A
https://www.copart.com/lot/94915235/clean-title-2008-ford-f150-utility-service-truck-mo-st-louis,94915235,$1 USD,03/16/2026 08:00 pm GMT+4,2008,FORD,F150,4.2L  6,6,1FTRF12218KC88007,CERTIFICATE OF TITLE,0 E,EXEMPT,MECHANICAL,0 USD,0 USD,0,MO - ST. LOUIS,2.5,N/A,N/A
https://www.copart.com/lot/94875645/clean-title-2008-dodge-ram-3500-mi-flint,94875645,"15,295 USD",03/16/2026 08:00 pm GMT+4,2008,DODG,RAM 3500,6.7L  6,6,3D7MX49A28G104289,CERTIFICATE OF TITLE,"326,793 E",EXEMPT,FRONT END,0 USD,0 USD,0,MI - FLINT,0,N/A,N/A
https://www.copart.com/lot/94453815/clean-title-2008-ford-f350-utility-service-truck-tx-el-paso,94453815,$1 USD,03/16/2026 08:00 pm GMT+4,2008,FORD,F350,5.4L  8,8,1FDSF30538EC32641,CERTIFICATE OF TITLE,"85,461 A",ACTUAL,REAR END,0 USD,0 USD,0,TX - EL PASO,2.6,N/A,Emission
https://www.copart.com/lot/94032825/clean-title-2016-chevrolet-express-g2500-va-richmond,94032825,"16,213 USD",03/16/2026 08:00 pm GMT+4,2016,CHEV,EXPRESS G2500,4.8L  8,8,1GCWGAFFXG1133358,CERTIFICATE OF TITLE,"173,109 A",ACTUAL,FRONT END,0 USD,0 USD,0,VA - RICHMOND,0,N/A,N/A
https://www.copart.com/lot/93711525/clean-title-2013-ford-transit-connect-utility-service-van-ca-napa,93711525,$1 USD,03/16/2026 08:00 pm GMT+4,2013,FORD,TRANSIT CONNECT,2.0L  4,4,NM0LS7BN3DT134897,DIS/DLR/EXP ONLY CLEAN TITLE,"62,349 A",ACTUAL,MINOR DENT/SCRATCHES,15 USD,0 USD,0,CA - NAPA,4.4,N/A,"Maintenance,Safety,Other"
https://www.copart.com/lot/93711235/clean-title-2013-ford-transit-connect-delivery-van-tx-el-paso,93711235,$1 USD,03/16/2026 08:00 pm GMT+4,2013,FORD,TRANSIT CONNECT,2.0L  4,4,NM0LS6AN9DT128212,CERTIFICATE OF TITLE,"78,849 A",ACTUAL,MINOR DENT/SCRATCHES,0 USD,0 USD,0,TX - EL PASO,2.8,N/A,"Maintenance,Safety,Other"
https://www.copart.com/lot/93263475/clean-title-2008-ford-f350-4x2-srw-splice-truck-la-baton-rouge,93263475,$1 USD,03/16/2026 08:00 pm GMT+4,2008,FORD,F350 4X2 SRW SPLICE TRUCK,5.4L  8,8,1FDWF30518EC94265,CERTIFICATE OF TITLE,"126,170 A",ACTUAL,MINOR DENT/SCRATCHES,10 USD,0 USD,0,LA - BATON ROUGE,2.8,N/A,N/A
https://www.copart.com/lot/93131095/clean-title-2013-ford-e350-box-truck-tx-ft-worth,93131095,$1 USD,03/16/2026 08:00 pm GMT+4,2013,FORD,ECONOLINE,5.4L  8,8,1FDWE3FL4DDB36964,CERTIFICATE OF TITLE,"207,697 A",ACTUAL,NORMAL WEAR,0 USD,0 USD,0,TX - FT. WORTH,4,N/A,N/A
https://www.copart.com/lot/89889295/clean-title-2008-ford-f350-super-duty-utility-service-truck-tx-ft-worth,89889295,$1 USD,03/16/2026 08:00 pm GMT+4,2008,FORD,F350,5.4L  8,8,1FDSF30568EC32827,CERTIFICATE OF TITLE,"236,074 E",EXEMPT,NORMAL WEAR,0 USD,0 USD,0,TX - FT. WORTH,3.3,N/A,N/A
https://www.copart.com/lot/89697005/clean-title-2012-ford-f750-box-truck-ny-syracuse,89697005,"34,888 USD",03/16/2026 08:00 pm GMT+4,2012,FORD,F750,6.7L  6,6,3FRNF7FA8CV187158,CERTIFICATE OF TITLE,"170,910 A",ACTUAL,MINOR DENT/SCRATCHES,0 USD,0 USD,0,NY - SYRACUSE,0,N/A,N/A
https://www.copart.com/lot/89493745/clean-title-2012-ford-transit-connect-utility-service-van-fl-miami-central,89493745,$1 USD,03/16/2026 08:00 pm GMT+4,2012,FORD,TRANSIT CONNECT,2.0L  4,4,NM0LS7AN0CT098909,CERTIFICATE OF TITLE,"58,835 A",ACTUAL,MECHANICAL,0 USD,0 USD,0,FL - MIAMI CENTRAL,3.3,N/A,N/A
https://www.copart.com/lot/88063055/clean-title-2015-ford-f450-super-duty-mi-detroit,88063055,$1 USD,03/16/2026 08:00 pm GMT+4,2015,FORD,F450,6.8L 10,10,1FDUF4GY0FEA16967,CERTIFICATE OF TITLE,0 N,NOT ACTUAL,MINOR DENT/SCRATCHES,0 USD,0 USD,0,MI - DETROIT,0,N/A,N/A
https://www.copart.com/lot/87429685/clean-title-2013-chevrolet-express-utility-service-van-ok-oklahoma-city,87429685,$1 USD,03/16/2026 08:00 pm GMT+4,2013,CHEV,EXPRESS G2500,4.8L  8,8,1GCWGFCA5D1903337,CERTIFICATE OF TITLE,"203,439 A",ACTUAL,MINOR DENT/SCRATCHES,0 USD,0 USD,0,OK - OKLAHOMA CITY,3.8,N/A,N/A
https://www.copart.com/lot/86632605/clean-title-2017-ford-f550-super-duty-ny-long-island,86632605,"58,996 USD",03/16/2026 08:00 pm GMT+4,2017,FORD,F550,6.7L  8,8,1FD0X5HT6HEC91203,CERTIFICATE OF TITLE (P),"61,405 A",ACTUAL,MECHANICAL,0 USD,0 USD,0,NY - LONG ISLAND,0,N/A,N/A
https://www.copart.com/lot/86452255/clean-title-2012-chevrolet-express-g2500-ca-napa,86452255,$1 USD,03/16/2026 08:00 pm GMT+4,2012,CHEV,EXPRESS G2500,6.0L  8,8,1GCWGFCB2C1111606,DIS/DLR/EXP ONLY CLEAN TITLE,"78,751 A",ACTUAL,MINOR DENT/SCRATCHES,15 USD,0 USD,0,CA - NAPA,2.2,N/A,Other
https://www.copart.com/lot/86190125/clean-title-2012-thomas-minotour-g4500-school-bus-ny-albany,86190125,"22,487 USD",03/16/2026 08:00 pm GMT+4,2012,CHEV,MINOTOUR G4500,6.0L  8,8,1GB3G3BG6C1179703,CERTIFICATE OF TITLE,"119,976 A",ACTUAL,NORMAL WEAR,0 USD,0 USD,0,NY - ALBANY,0,N/A,N/A
https://www.copart.com/lot/86109605/clean-title-2020-ford-transit-t-250-tx-corpus-christi,86109605,$1 USD,03/16/2026 08:00 pm GMT+4,2020,FORD,TRANSIT,3.5L 6,6,1FTBR3X8XLKA86857,CERTIFICATE OF TITLE,"174,844 A",ACTUAL,NORMAL WEAR,0 USD,0 USD,0,TX - CORPUS CHRISTI,3.5,N/A,N/A
https://www.copart.com/lot/85951475/clean-title-2011-thomas-minotour-g3500-school-bus-ma-west-warren,85951475,"18,565 USD",03/16/2026 08:00 pm GMT+4,2011,CHEV,MINOTOUR G3500,4.8L  8,8,1GB0G2BA7B1163307,CERTIFICATE OF TITLE,"161,317 A",ACTUAL,MINOR DENT/SCRATCHES,0 USD,0 USD,0,MA - WEST WARREN,0,N/A,N/A
https://www.copart.com/lot/85185515/clean-title-2012-ford-econoline-e250-van-or-portland-south,85185515,$1 USD,03/16/2026 08:00 pm GMT+4,2012,FORD,ECONOLINE,5.4L  8,8,1FTNE2EL2CDA15781,CERTIFICATE OF TITLE,0 N,NOT ACTUAL,MECHANICAL,0 USD,0 USD,0,OR - PORTLAND SOUTH,0,N/A,N/A
https://www.copart.com/lot/85111135/clean-title-2016-ford-transit-connect-xl-ca-fresno,85111135,$1 USD,03/16/2026 08:00 pm GMT+4,2016,FORD,TRANSIT CONNECT,2.5L  4,4,NM0LS7E7XG1240373,DIS/DLR/EXP ONLY CLEAN TITLE,"182,924 A",ACTUAL,MINOR DENT/SCRATCHES,0 USD,0 USD,0,CA - FRESNO,0,N/A,N/A
https://www.copart.com/lot/84648645/clean-title-2012-thomas-minotour-g3500-school-bus-nj-glassboro-west,84648645,"17,897 USD",03/16/2026 08:00 pm GMT+4,2013,CHEV,MINOTOUR G3500,6.0L  8,8,1GB3G3BGXC1178084,CERTIFICATE OF TITLE,"235,029 A",ACTUAL,MINOR DENT/SCRATCHES,0 USD,0 USD,0,NJ - GLASSBORO WEST,0,N/A,N/A
https://www.copart.com/lot/84648575/clean-title-2012-thomas-minotour-g3500-school-bus-nj-glassboro-west,84648575,"17,879 USD",03/16/2026 08:00 pm GMT+4,2013,CHEV,MINOTOUR G3500,6.0L  8,8,1GB3G3BG9C1179856,CERTIFICATE OF TITLE,"177,633 A",ACTUAL,NORMAL WEAR,0 USD,0 USD,0,NJ - GLASSBORO WEST,0,N/A,N/A
https://www.copart.com/lot/84648435/clean-title-2012-thomas-minotour-g3500-school-bus-nj-glassboro-west,84648435,"17,785 USD",03/16/2026 08:00 pm GMT+4,2013,CHEV,MINOTOUR G3500,6.0L  8,8,1GB3G3BG8C1179525,CERTIFICATE OF TITLE,"247,716 A",ACTUAL,NORMAL WEAR,0 USD,0 USD,0,NJ - GLASSBORO WEST,0,N/A,N/A
https://www.copart.com/lot/84637365/clean-title-2011-thomas-minotour-g3500-school-bus-ct-hartford,84637365,"16,047 USD",03/16/2026 08:00 pm GMT+4,2011,CHEV,MINOTOUR G3500,6.6L  8,8,1GB3G3BL1B1165168,CERTIFICATE OF TITLE,0 N,NOT ACTUAL,MINOR DENT/SCRATCHES,0 USD,0 USD,0,CT - HARTFORD,0,N/A,N/A
https://www.copart.com/lot/84608545/clean-title-1996-chevrolet-g20-oh-dayton,84608545,"6,795 USD",03/16/2026 08:00 pm GMT+4,1996,CHEV,G20,5.7L  8,8,1GCGG25R6T1000869,CERT OF TITLE-REBUILT SALVAGE,"176,781 A",ACTUAL,MINOR DENT/SCRATCHES,0 USD,0 USD,0,OH - DAYTON,0,N/A,N/A
https://www.copart.com/lot/84473075/clean-title-2006-bluebird-micro-bird-g3500-school-bus-ny-newburgh,84473075,"9,047 USD",03/16/2026 08:00 pm GMT+4,2006,CHEV,EXPRESS G3,6.6L  8,8,1GBHG312161146527,CERTIFICATE OF TITLE,0 E,EXEMPT,MINOR DENT/SCRATCHES,0 USD,0 USD,0,NY - NEWBURGH,0,N/A,N/A
https://www.copart.com/lot/84472245/clean-title-2012-thomas-minotour-g3500-school-bus-ny-newburgh,84472245,"17,847 USD",03/16/2026 08:00 pm GMT+4,2012,CHEV,MINOTOUR G3500,6.0L  8,8,1GB3G3BG6C1178762,CERTIFICATE OF TITLE,0 N,NOT ACTUAL,MINOR DENT/SCRATCHES,0 USD,0 USD,0,NY - NEWBURGH,0,N/A,N/A
https://www.copart.com/lot/84472205/clean-title-2013-coll-bntm-g3500-school-bus-ny-newburgh,84472205,"15,895 USD",03/16/2026 08:00 pm GMT+4,2013,COLL,BNTM G3500,6.0L  8,8,1GB3G2BG8C1145062,CERTIFICATE OF TITLE,"155,727 A",ACTUAL,NORMAL WEAR,0 USD,0 USD,0,NY - NEWBURGH,0,N/A,N/A
https://www.copart.com/lot/84472085/clean-title-2012-thomas-minotour-g3500-school-bus-ny-newburgh,84472085,"15,958 USD",03/16/2026 08:00 pm GMT+4,2012,CHEV,MINOTOUR G3500,4.8L  8,8,1GB0G2BA4C1181751,CERTIFICATE OF TITLE,0 N,NOT ACTUAL,NORMAL WEAR,0 USD,0 USD,0,NY - NEWBURGH,0,N/A,N/A
https://www.copart.com/lot/84067575/clean-title-2013-chevrolet-express-2500-utility-service-van-la-new-orleans,84067575,"1,500 USD",03/16/2026 08:00 pm GMT+4,2013,CHEV,EXPRESS G2,4.8L  8,8,1GCWGFCA4D1147256,CERTIFICATE OF TITLE,"220,351 A",ACTUAL,NORMAL WEAR,0 USD,0 USD,0,LA - NEW ORLEANS,2.6,N/A,"Safety,Other,Emission"
https://www.copart.com/lot/84067545/clean-title-2014-chevrolet-express-g2500-ok-oklahoma-city,84067545,$1 USD,03/16/2026 08:00 pm GMT+4,2014,CHEV,EXPRESS G2500,6.0L  8,8,1GCWGFCB5E1118777,CERTIFICATE OF TITLE,"154,196 A",ACTUAL,SIDE,0 USD,0 USD,0,OK - OKLAHOMA CITY,2.9,N/A,N/A
https://www.copart.com/lot/84067395/clean-title-2013-chevrolet-express-g2500-il-peoria,84067395,$1 USD,03/16/2026 08:00 pm GMT+4,2013,CHEV,EXPRESS G2500,4.8L  8,8,1GCWGFCA2D1903831,CERTIFICATE OF TITLE,"139,382 A",ACTUAL,NORMAL WEAR,15 USD,0 USD,0,IL - PEORIA,4.2,N/A,N/A
https://www.copart.com/lot/84067385/clean-title-2013-chevrolet-express-g2500-la-shreveport,84067385,$1 USD,03/16/2026 08:00 pm GMT+4,2013,CHEV,EXPRESS G2500,4.8L  8,8,1GCWGFCA3D1902963,CERTIFICATE OF TITLE,"136,198 A",ACTUAL,MINOR DENT/SCRATCHES,0 USD,0 USD,0,LA - SHREVEPORT,2.9,N/A,Emission
https://www.copart.com/lot/83865305/clean-title-2013-ford-f350-super-duty-ca-napa,83865305,$1 USD,03/16/2026 08:00 pm GMT+4,2013,FORD,F350,6.2L  8,8,1FDRF3A68DEB92508,DIS/DLR/EXP ONLY CLEAN TITLE,"84,172 A",ACTUAL,MINOR DENT/SCRATCHES,0 USD,0 USD,0,CA - NAPA,2.7,N/A,N/A
https://www.copart.com/lot/83852755/clean-title-2010-collins-bantam-e350-school-bus-ca-san-bernardino,83852755,"25,986 USD",03/16/2026 08:00 pm GMT+4,2010,CHEV,BANTAM E350,6.0L  8,8,1GB6G3AG3A1172459,DIS/DLR/EXP ONLY CLEAN TITLE,0 N,NOT ACTUAL,STRIPPED,0 USD,0 USD,0,CA - SAN BERNARDINO,0,N/A,N/A
https://www.copart.com/lot/82091495/clean-title-2003-international-4000-4300-ga-cartersville,82091495,"30,695 USD",03/16/2026 08:00 pm GMT+4,2003,INTL,4000,6,6,1HTMMAAMX3H554653,CERTIFICATE OF TITLE,0 E,EXEMPT,MINOR DENT/SCRATCHES,0 USD,0 USD,0,GA - CARTERSVILLE,0,N/A,N/A
https://www.copart.com/lot/81523535/clean-title-2012-thomas-minotour-g4500-school-bus-pa-york-haven,81523535,"14,854 USD",03/16/2026 08:00 pm GMT+4,2012,CHEV,MINOTOUR G4500,6.0L  8,8,1GB6G5BG3C1190120,CERT OF TITLE,0 N,NOT ACTUAL,BURN - ENGINE,0 USD,0 USD,0,PA - YORK HAVEN,0,N/A,N/A
https://www.copart.com/lot/81521285/clean-title-2011-collins-bantam-g3500-school-bus-pa-york-haven,81521285,"14,878 USD",03/16/2026 08:00 pm GMT+4,2011,CHEV,BANTAM G3500,4.8L  8,8,1GB0G2BAXB1103473,CERT OF TITLE,0 N,NOT ACTUAL,FRONT END,0 USD,0 USD,0,PA - YORK HAVEN,0,N/A,N/A
https://www.copart.com/lot/81077385/clean-title-2013-chevrolet-express-g2500-ca-san-jose,81077385,$1 USD,03/16/2026 08:00 pm GMT+4,2013,CHEV,EXPRESS G2500,4.8L  8,8,1GCWGFCA2D1903554,DIS/DLR/EXP ONLY CLEAN TITLE,"80,676 A",ACTUAL,MINOR DENT/SCRATCHES,0 USD,0 USD,0,CA - SAN JOSE,3.7,N/A,N/A
https://www.copart.com/lot/81076515/clean-title-2013-chevrolet-express-g2500-ca-san-jose,81076515,$1 USD,03/16/2026 08:00 pm GMT+4,2013,CHEV,EXPRESS G2500,4.8L  8,8,1GCWGFCA1D1903478,DIS/DLR/EXP ONLY CLEAN TITLE,"103,028 A",ACTUAL,MINOR DENT/SCRATCHES,0 USD,0 USD,0,CA - SAN JOSE,2.7,N/A,N/A
https://www.copart.com/lot/81076355/clean-title-2012-chevrolet-express-g2500-ca-long-beach,81076355,$1 USD,03/16/2026 08:00 pm GMT+4,2012,CHEV,EXPRESS G2500,6.0L  8,8,1GCWGFCBXC1116441,DIS/DLR/EXP ONLY CLEAN TITLE,"89,050 A",ACTUAL,MINOR DENT/SCRATCHES,175 USD,0 USD,0,CA - LONG BEACH,2,N/A,N/A
https://www.copart.com/lot/81076325/clean-title-2012-chevrolet-express-g2500-ca-san-jose,81076325,$1 USD,03/16/2026 08:00 pm GMT+4,2012,CHEV,EXPRESS G2500,6.0L  8,8,1GCWGFCB2C1117874,DIS/DLR/EXP ONLY CLEAN TITLE,"94,879 A",ACTUAL,MINOR DENT/SCRATCHES,0 USD,0 USD,0,CA - SAN JOSE,2.1,N/A,"Safety,Emission"
https://www.copart.com/lot/81076255/clean-title-2010-ford-econoline-e250-van-ca-napa,81076255,$1 USD,03/16/2026 08:00 pm GMT+4,2010,FORD,ECONOLINE,5.4L  8,8,1FTNE2EL1ADA09970,DIS/DLR/EXP ONLY CLEAN TITLE,"48,904 A",ACTUAL,MINOR DENT/SCRATCHES,0 USD,0 USD,0,CA - NAPA,3.5,N/A,N/A
https://www.copart.com/lot/80880835/clean-title-2013-chevrolet-express-g2500-ok-oklahoma-city,80880835,$1 USD,03/16/2026 08:00 pm GMT+4,2013,CHEV,EXPRESS G2500,4.8L  8,8,1GCWGFCA9D1903356,CERTIFICATE OF TITLE,"187,824 A",ACTUAL,MINOR DENT/SCRATCHES,0 USD,0 USD,0,OK - OKLAHOMA CITY,3,N/A,N/A
https://www.copart.com/lot/80444304/clean-title-2008-ford-f450-super-duty-mo-st-louis,80444304,$1 USD,03/16/2026 08:00 pm GMT+4,2008,FORD,F450,6.8L 10,10,1FD4F46Y28EB87126,CERTIFICATE OF TITLE,"106,389 E",EXEMPT,FRONT END,0 USD,0 USD,0,MO - ST. LOUIS,0,N/A,N/A
https://www.copart.com/lot/80352955/clean-title-2017-chev-1500-tx-el-paso,80352955,"18,403 USD",03/16/2026 08:00 pm GMT+4,2017,CHEV,SILVERADO,5.3L  8,8,3GCUKREC5HG455680,CERTIFICATE OF TITLE,"208,975 A",ACTUAL,REAR END,0 USD,0 USD,0,TX - EL PASO,0,N/A,N/A
https://www.copart.com/lot/79981675/clean-title-2012-ford-econoline-e350-super-duty-van-ga-atlanta-west,79981675,$1 USD,03/16/2026 08:00 pm GMT+4,2012,FORD,ECONOLINE,5.4L 8,8,1FTSS3EL9CDB12994,CERTIFICATE OF TITLE,"98,326 A",ACTUAL,NORMAL WEAR,850 USD,0 USD,0,GA - ATLANTA WEST,0,N/A,N/A
https://www.copart.com/lot/79977745/clean-title-2008-dodge-sprinter-2500-ok-tulsa,79977745,$1 USD,03/16/2026 08:00 pm GMT+4,2008,DODG,SPRINTER,3.0L 6,6,WD0PE745685230307,CERTIFICATE OF TITLE,"292,289 E",EXEMPT,MECHANICAL,90 USD,0 USD,0,OK - TULSA,0,N/A,N/A
https://www.copart.com/lot/79903595/clean-title-2019-ford-transit-250-utility-service-van-fl-miami-south,79903595,"11,750 USD",03/16/2026 08:00 pm GMT+4,2019,FORD,TRANSIT,3.5L 6,6,1FTYR2YG6KKB83059,CERTIFICATE OF TITLE,"69,876 N",NOT ACTUAL,MINOR DENT/SCRATCHES,"4,600 USD",0 USD,0,FL - MIAMI SOUTH,0,N/A,N/A
https://www.copart.com/lot/79847055/clean-title-2007-chevrolet-express-g3500-pa-york-haven,79847055,$1 USD,03/16/2026 08:00 pm GMT+4,2007,CHEV,EXPRESS G3500,4.8L 8,8,1GCHG39V071205904,RECONSTRUCTED CLEAN,"242,353 E",EXEMPT,SIDE,"3,050 USD",0 USD,0,PA - YORK HAVEN,0,N/A,N/A
https://www.copart.com/lot/79831165/clean-title-1999-ford-f450-super-duty-tx-amarillo,79831165,"12,400 USD",03/16/2026 08:00 pm GMT+4,1999,FORD,F450,7.3L 8,8,1FDXF46F0XEB50683,CERTIFICATE OF VEHICLE TITLE,"175,960 E",EXEMPT,MINOR DENT/SCRATCHES,0 USD,0 USD,0,TX - AMARILLO,0,N/A,N/A
https://www.copart.com/lot/79829355/clean-title-2006-ford-e250-utility-service-van-fl-punta-gorda,79829355,$1 USD,03/16/2026 08:00 pm GMT+4,2006,FORD,E250,5.4L 8,8,1FTNE24LX6HA99508,CERTIFICATE OF TITLE,"225,609 A",ACTUAL,SIDE,0 USD,0 USD,0,FL - PUNTA GORDA,0,N/A,N/A
https://www.copart.com/lot/79785845/clean-title-2001-chevrolet-express-g1500-tx-mcallen,79785845,$1 USD,03/16/2026 08:00 pm GMT+4,2001,CHEV,EXPRESS G1500,5.0L 8,8,1GCFG15M111241634,CERTIFICATE OF TITLE (P),"284,410 A",ACTUAL,ALL OVER,0 USD,0 USD,0,TX - MCALLEN,0,N/A,N/A
https://www.copart.com/lot/79776625/clean-title-2015-ford-transit-connect-xlt-fl-ft-pierce,79776625,"1,000 USD",03/16/2026 08:00 pm GMT+4,2015,FORD,TRANSIT CONNECT,2.5L 4,4,NM0GE9F72F1218479,CERTIFICATE OF TITLE,"181,205 A",ACTUAL,MECHANICAL,125 USD,0 USD,0,FL - FT. PIERCE,0,N/A,N/A
https://www.copart.com/lot/79763455/clean-title-2013-ford-transit-connect-xlt-delivery-van-nj-glassboro-west,79763455,$1 USD,03/16/2026 08:00 pm GMT+4,2013,FORD,TRANSIT CONNECT,2.0L 4,4,NM0LS7DN2DT163904,CERT OF TITLE,"151,606 A",ACTUAL,NORMAL WEAR,0 USD,0 USD,0,NJ - GLASSBORO WEST,0,N/A,N/A
https://www.copart.com/lot/79762745/clean-title-2008-chevrolet-silverado-k2500-heavy-duty-ca-antelope,79762745,$1 USD,03/16/2026 08:00 pm GMT+4,2008,CHEV,SILVERADO,6.0L 8,8,1GCHK23K88F122958,DIS/DLR/EXP ONLY CLEAN TITLE,"196,879 A",ACTUAL,SIDE,0 USD,0 USD,0,CA - ANTELOPE,0,N/A,N/A
https://www.copart.com/lot/79757815/clean-title-2019-ford-transit-t-150-oh-columbus,79757815,$1 USD,03/16/2026 08:00 pm GMT+4,2019,FORD,TRANSIT,3.7L 6,6,1FTYE1ZM3KKA26518,CERTIFICATE OF TITLE (P),0 N,NOT ACTUAL,SIDE,0 USD,0 USD,0,OH - COLUMBUS,0,N/A,N/A
https://www.copart.com/lot/79707215/clean-title-2016-ford-transit-t-250-il-chicago-north,79707215,$1 USD,03/16/2026 08:00 pm GMT+4,2016,FORD,TRANSIT,3.2L 5,5,1FTYR2XV2GKA84553,CERTIFICATE OF TITLE (P),"282,179 A",ACTUAL,MECHANICAL,0 USD,0 USD,0,IL - CHICAGO NORTH,0,N/A,N/A
https://www.copart.com/lot/79702355/clean-title-2016-ram-promaster-2500-2500-high-fl-miami-south,79702355,$1 USD,03/16/2026 08:00 pm GMT+4,2016,RAM,PROMASTER 2500,3.6L 6,6,3C6TRVCG4GE118084,CERTIFICATE OF TITLE,"142,805 A",ACTUAL,MINOR DENT/SCRATCHES,0 USD,0 USD,0,FL - MIAMI SOUTH,0,N/A,N/A
https://www.copart.com/lot/79673005/clean-title-2015-nissan-nv200-sv-wa-spanaway,79673005,"9,120 USD",03/16/2026 08:00 pm GMT+4,2015,NISS,NV200,2.0L 4,4,3N6CM0KN3FK693378,VEHICLE CERT OF OWNERSHIP-TITL,0 N,NOT ACTUAL,REAR END,35 USD,0 USD,0,WA - SPANAWAY,0,N/A,N/A
https://www.copart.com/lot/79652415/clean-title-2004-chevrolet-express-g1500-il-chicago-north,79652415,$1 USD,03/16/2026 08:00 pm GMT+4,2004,CHEV,EXPRESS G1500,5.3L 8,8,1GNFG15T741206387,CERTIFICATE OF TITLE,"175,278 E",EXEMPT,SIDE,0 USD,0 USD,0,IL - CHICAGO NORTH,0,N/A,N/A
https://www.copart.com/lot/79637355/clean-title-2014-nissan-nv-2500-delivery-van-nc-mebane,79637355,"17,550 USD",03/16/2026 08:00 pm GMT+4,2014,NISS,NV,4.0L 6,6,1N6BF0LY4EN110808,DEALER ONLY CLEAN TITLE,"254,082 A",ACTUAL,SIDE,0 USD,0 USD,0,NC - MEBANE,0,N/A,N/A
https://www.copart.com/lot/79631715/clean-title-2025-ram-promaster-2500-2500-standard-ny-albany,79631715,"38,000 USD",03/16/2026 08:00 pm GMT+4,2025,RAM,PROMASTER 2500,3.6L 6,6,3C6LRVVG8SE526562,CERTIFICATE OF TITLE (P),"10,308 A",ACTUAL,FRONT END,200 USD,0 USD,0,NY - ALBANY,1.6,N/A,Other
https://www.copart.com/lot/79615855/clean-title-2002-toyota-tundra-sr5-ca-napa,79615855,$1 USD,03/16/2026 08:00 pm GMT+4,2002,TOYT,TUNDRA,3.4L 6,6,5TBRN34162S317447,DIS/DLR/EXP ONLY CLEAN TITLE,"132,518 E",EXEMPT,REAR END,15 USD,0 USD,0,CA - NAPA,0,N/A,N/A
https://www.copart.com/lot/79604465/clean-title-2008-ford-e250-utility-service-van-md-baltimore-east,79604465,$1 USD,03/16/2026 08:00 pm GMT+4,2008,FORD,ECONOLINE,5.4L 8,8,1FTNE24L88DA45814,CERT OF TITLE-REBUILT SALVAGE,"238,400 A",ACTUAL,REAR END,0 USD,0 USD,0,MD - BALTIMORE EAST,0,N/A,N/A
https://www.copart.com/lot/79589545/clean-title-2017-ford-transit-250-delivery-van-la-new-orleans,79589545,"14,550 USD",03/16/2026 08:00 pm GMT+4,2017,FORD,TRANSIT,3.7L 6,6,1FTYR2CM1HKA13858,CERTIFICATE OF TITLE (P),"66,752 N",NOT ACTUAL,REAR END,90 USD,0 USD,0,LA - NEW ORLEANS,0,N/A,N/A
https://www.copart.com/lot/79578925/clean-title-2017-ford-f350-super-duty-mi-detroit,79578925,"31,387 USD",03/16/2026 08:00 pm GMT+4,2017,FORD,F350,6.7L 8,8,1FT8W3DT0HEC42440,CERTIFICATE OF TITLE (P),"274,110 A",ACTUAL,MINOR DENT/SCRATCHES,"4,250 USD",0 USD,0,MI - DETROIT,0,N/A,N/A
https://www.copart.com/lot/79573975/clean-title-2007-chevrolet-express-2500-utility-service-van-tx-corpus-christi,79573975,$1 USD,03/16/2026 08:00 pm GMT+4,2007,CHEV,EXPRESS G2500,4.8L 8,8,1GCGG25V971126985,CERTIFICATE OF TITLE (P),"250,188 E",EXEMPT,SIDE,0 USD,0 USD,0,TX - CORPUS CHRISTI,0,N/A,N/A
https://www.copart.com/lot/79573825/clean-title-2003-chevrolet-express-g2500-delivery-van-tx-corpus-christi,79573825,$1 USD,03/16/2026 08:00 pm GMT+4,2003,CHEV,EXPRESS G2500,6.0L 8,8,1GCGG25U831148316,CERTIFICATE OF TITLE (P),"238,302 E",EXEMPT,NORMAL WEAR,0 USD,0 USD,0,TX - CORPUS CHRISTI,0,N/A,N/A
https://www.copart.com/lot/79564025/clean-title-2008-ford-f350-super-duty-flatbed-truck-oh-columbus,79564025,$1 USD,03/16/2026 08:00 pm GMT+4,2008,FORD,F350,6.4L 8,8,1FDWF37R68EA38051,CERTIFICATE OF TITLE,"151,923 A",ACTUAL,REAR END,0 USD,0 USD,0,OH - COLUMBUS,0,N/A,N/A
https://www.copart.com/lot/79563245/clean-title-2019-mercedes-benz-sprinter-2500-ga-atlanta-east,79563245,"25,000 USD",03/16/2026 08:00 pm GMT+4,2019,MERZ,SPRINTER,3.0L 6,6,WD4PF1CD1KP111805,CERTIFICATE OF TITLE (P),"87,669 A",ACTUAL,SIDE,"3,850 USD",0 USD,0,GA - ATLANTA EAST,0,N/A,N/A
https://www.copart.com/lot/79525135/clean-title-2024-ram-promaster-2500-delivery-van-mi-flint,79525135,"28,829 USD",03/16/2026 08:00 pm GMT+4,2024,RAM,PROMASTER 2500,3.6L 6,6,3C6LRVDG0RE132758,CERTIFICATE OF TITLE,"49,579 A",ACTUAL,FRONT END,0 USD,0 USD,0,MI - FLINT,0,N/A,N/A
https://www.copart.com/lot/79497945/clean-title-2016-ford-transit-connect-xl-mn-minneapolis,79497945,"14,975 USD",03/16/2026 08:00 pm GMT+4,2016,FORD,TRANSIT CONNECT,2.5L 4,4,NM0LS7E73G1233510,CERTIFICATE OF TITLE,"185,978 A",ACTUAL,SIDE,0 USD,0 USD,0,MN - MINNEAPOLIS,0,N/A,N/A
https://www.copart.com/lot/79492355/clean-title-2020-ram-promaster-3500-3500-high-il-chicago-south,79492355,$1 USD,03/16/2026 08:00 pm GMT+4,2020,RAM,PROMASTER 3500,3.6L 6,6,3C6URVJG8LE113066,CERT OF TITLE-CORRECTED,"172,906 A",ACTUAL,SIDE,0 USD,0 USD,0,IL - CHICAGO SOUTH,0,N/A,N/A
https://www.copart.com/lot/79482635/clean-title-2011-hino-258268-box-truck-ca-san-bernardino,79482635,$1 USD,03/16/2026 08:00 pm GMT+4,2011,HINO,258/268,7.6L 6,6,5PVNE8JL2B4S50074,DIS/DLR/EXP ONLY CLEAN TITLE,"122,576 A",ACTUAL,MECHANICAL,0 USD,0 USD,0,CA - SAN BERNARDINO,0,N/A,N/A
https://www.copart.com/lot/79406155/clean-title-2019-ford-f350-super-duty-flatbed-truck-ok-oklahoma-city,79406155,"28,800 USD",03/16/2026 08:00 pm GMT+4,2019,FORD,F350,6.7L 8,8,1FT8W3DT7KEE63007,NON PUBLIC CLEAN TITLE,"166,412 A",ACTUAL,MECHANICAL,125 USD,0 USD,0,OK - OKLAHOMA CITY,0,N/A,N/A
https://www.copart.com/lot/79305875/clean-title-2005-dodge-sprinter-2500-fl-orlando-north,79305875,"22,458 USD",03/16/2026 08:00 pm GMT+4,2005,DODG,SPRINTER,2.7L 5,5,WD0PD744155825491,CERTIFICATE OF TITLE,"86,433 A",ACTUAL,NORMAL WEAR,0 USD,0 USD,0,FL - ORLANDO NORTH,0,N/A,N/A
https://www.copart.com/lot/79277075/clean-title-2015-chevrolet-silverado-2500-utility-service-tr-ca-antelope,79277075,"17,390 USD",03/16/2026 08:00 pm GMT+4,2015,CHEV,SILVERADO,6.0L 8,8,1GC0CUEG2FZ545223,DIS/DLR/EXP ONLY CLEAN TITLE (P),"164,490 A",ACTUAL,FRONT END,0 USD,0 USD,0,CA - ANTELOPE,0,N/A,N/A
https://www.copart.com/lot/79275085/clean-title-2019-ram-5500-refrigerated-box-truck-nc-china-grove,79275085,"24,558 USD",03/16/2026 08:00 pm GMT+4,2019,RAM,5500,6.4L 8,8,3C7WRMDJ3KG546609,DEALER ONLY CLEAN TITLE,"184,923 N",NOT ACTUAL,DAMAGE HISTORY,0 USD,0 USD,0,NC - CHINA GROVE,0,N/A,N/A
https://www.copart.com/lot/79273975/clean-title-2019-ram-5500-nc-china-grove,79273975,"19,558 USD",03/16/2026 08:00 pm GMT+4,2019,RAM,5500,6.4L 8,8,3C7WRMDJ8KG540904,DEALER ONLY CLEAN TITLE,"166,919 A",ACTUAL,NORMAL WEAR,0 USD,0 USD,0,NC - CHINA GROVE,0,N/A,N/A
https://www.copart.com/lot/79261245/clean-title-2021-mercedes-benz-sprinter-2500-fl-orlando-south,79261245,$1 USD,03/16/2026 08:00 pm GMT+4,2021,MERZ,SPRINTER,2.0L 4,4,W1W40CHY9MT055519,CERTIFICATE OF TITLE,"166,955 A",ACTUAL,MINOR DENT/SCRATCHES,0 USD,0 USD,0,FL - ORLANDO SOUTH,0,N/A,N/A
https://www.copart.com/lot/79254475/clean-title-2018-ford-f350-super-duty-al-birmingham,79254475,$1 USD,03/16/2026 08:00 pm GMT+4,2018,FORD,F350,6.7L 8,8,1FT8W3BT3JEC56762,CERTIFICATE OF TITLE (P),"223,812 A",ACTUAL,MINOR DENT/SCRATCHES,0 USD,0 USD,0,AL - BIRMINGHAM,0,N/A,N/A
https://www.copart.com/lot/79245215/clean-title-2019-hino-155-il-chicago-north,79245215,$1 USD,03/16/2026 08:00 pm GMT+4,2019,HINO,155,5.1L 4,4,JHHXDM1H3KK009522,CERTIFICATE OF TITLE (P),"311,957 A",ACTUAL,MINOR DENT/SCRATCHES,0 USD,0 USD,0,IL - CHICAGO NORTH,0,N/A,N/A
https://www.copart.com/lot/79223365/clean-title-2019-ram-promaster-3500-3500-high-il-chicago-south,79223365,$1 USD,03/16/2026 08:00 pm GMT+4,2019,RAM,PROMASTER 3500,3.6L 6,6,3C6URVJG4KE548469,CERTIFICATE OF TITLE (P),"134,412 A",ACTUAL,REAR END,0 USD,0 USD,0,IL - CHICAGO SOUTH,0,N/A,N/A
https://www.copart.com/lot/79223295/clean-title-2019-ford-transit-ambulance-wi-milwaukee-north,79223295,$1 USD,03/16/2026 08:00 pm GMT+4,2019,FORD,TRANSIT,3.7L 6,6,1FDYR2CM8KKB86554,CERTIFICATE OF TITLE,"270,642 A",ACTUAL,FRONT END,80 USD,0 USD,0,WI - MILWAUKEE NORTH,0,N/A,N/A
https://www.copart.com/lot/79196945/clean-title-2020-gmc-sierra-k2500-denali-al-tanner,79196945,"38,407 USD",03/16/2026 08:00 pm GMT+4,2020,GMC,SIERRA,6.6L 8,8,1GT49REY1LF186434,CERTIFICATE OF TITLE (P),"42,005 A",ACTUAL,FRONT END,300 USD,0 USD,0,AL - TANNER,0,N/A,N/A
https://www.copart.com/lot/79192755/clean-title-2017-ford-transit-t-250-sd-rapid-city,79192755,$1 USD,03/16/2026 08:00 pm GMT+4,2017,FORD,TRANSIT,3.5L 6,6,1FTYR2ZG4HKA53871,CERTIFICATE OF TITLE,"191,752 A",ACTUAL,NORMAL WEAR,0 USD,0 USD,0,SD - RAPID CITY,0,N/A,N/A
https://www.copart.com/lot/79120945/clean-title-2022-ford-transit-connect-xlt-mn-minneapolis,79120945,$1 USD,03/16/2026 08:00 pm GMT+4,2022,FORD,TRANSIT CONNECT,2.0L 4,4,NM0GS9F21N1526609,CERTIFICATE OF TITLE (P),"119,105 A",ACTUAL,MINOR DENT/SCRATCHES,0 USD,0 USD,0,MN - MINNEAPOLIS,0,N/A,N/A
https://www.copart.com/lot/79117175/clean-title-2020-ford-transit-t-350-fl-orlando-north,79117175,"50,598 USD",03/16/2026 08:00 pm GMT+4,2020,FORD,TRANSIT,3.5L 6,6,1FDBW5Z86LKB80344,CERTIFICATE OF TITLE,0 N,NOT ACTUAL,VANDALISM,0 USD,0 USD,0,FL - ORLANDO NORTH,0,N/A,N/A
https://www.copart.com/lot/79096065/clean-title-2020-ram-promaster-3500-3500-high-ca-van-nuys,79096065,"42,790 USD",03/16/2026 08:00 pm GMT+4,2020,RAM,PROMASTER 3500,3.6L 6,6,3C6URVJG8LE140302,DIS/DLR/EXP ONLY CLEAN TITLE (P),"66,450 A",ACTUAL,ALL OVER,200 USD,0 USD,0,CA - VAN NUYS,0,N/A,N/A
https://www.copart.com/lot/79088455/clean-title-2007-ford-f550-super-duty-utility-service-truck-va-richmond,79088455,$1 USD,03/16/2026 08:00 pm GMT+4,2007,FORD,F550,8,8,1FDAW56P97EA52773,CERTIFICATE OF TITLE,0 E,EXEMPT,FRONT END,0 USD,0 USD,0,VA - RICHMOND,0,N/A,N/A
https://www.copart.com/lot/79085825/clean-title-2025-hino-258268-box-truck-ca-san-bernardino,79085825,$1 USD,03/16/2026 08:00 pm GMT+4,2012,HINO,258/268,7.6L 6,6,5PVNJ8JTXC4S53463,DIS/DLR/EXP ONLY CLEAN TITLE (P),"469,094 A",ACTUAL,MINOR DENT/SCRATCHES,0 USD,0 USD,0,CA - SAN BERNARDINO,0,N/A,N/A
https://www.copart.com/lot/79077745/clean-title-2014-ram-promaster-2500-2500-high-mn-minneapolis,79077745,$1 USD,03/16/2026 08:00 pm GMT+4,2014,RAM,PROMASTER 2500,3.6L 6,6,3C6TRVDG1EE102453,CERTIFICATE OF TITLE,"196,998 A",ACTUAL,MECHANICAL,0 USD,0 USD,0,MN - MINNEAPOLIS,0,N/A,N/A
https://www.copart.com/lot/79021115/clean-title-2020-isuzu-npr-hd-tx-dallas-south,79021115,"21,020 USD",03/16/2026 08:00 pm GMT+4,2020,ISU,NPR HD,6.0L 8,8,54DC4W1B1LS805269,CERTIFICATE OF TITLE,"221,150 A",ACTUAL,NORMAL WEAR,0 USD,0 USD,0,TX - DALLAS SOUTH,2.8,N/A,N/A
https://www.copart.com/lot/78987015/clean-title-2016-nissan-nv-2500-hd-sv-dc-washington-dc,78987015,$1 USD,03/16/2026 08:00 pm GMT+4,2016,NISS,NV,,,1N6BF0LYXGN811260,CERTIFICATE OF TITLE,"199,594 A",ACTUAL,MECHANICAL,0 USD,0 USD,0,DC - WASHINGTON DC,0,N/A,N/A
https://www.copart.com/lot/78907815/clean-title-2014-nissan-nv200-delivery-van-ny-albany,78907815,"8,625 USD",03/16/2026 08:00 pm GMT+4,2014,NISS,NV200,2.0L 4,4,3N6CM0KN1EK690770,CERTIFICATE OF TITLE,"224,132 A",ACTUAL,SIDE,0 USD,0 USD,0,NY - ALBANY,0,N/A,N/A
https://www.copart.com/lot/78905425/clean-title-2017-ford-f550-super-duty-utility-service-truck-ia-des-moines,78905425,$1 USD,03/16/2026 08:00 pm GMT+4,2017,FORD,F550,6.7L 8,8,1FDUF5HTXHDA09607,CERTIFICATE OF TITLE (P),"197,601 A",ACTUAL,MINOR DENT/SCRATCHES,0 USD,0 USD,0,IA - DES MOINES,2.9,N/A,N/A
https://www.copart.com/lot/78903685/clean-title-2005-freightliner-m2-106-medium-duty-ok-oklahoma-city,78903685,$1 USD,03/16/2026 08:00 pm GMT+4,2005,FRHT,M2,6,6,1FVACXCS55HV14442,CERTIFICATE OF TITLE,"162,836 E",EXEMPT,MINOR DENT/SCRATCHES,0 USD,0 USD,0,OK - OKLAHOMA CITY,0,N/A,N/A
https://www.copart.com/lot/78901105/clean-title-2024-isuzu-npr-xd-fl-tampa-south,78901105,$1 USD,03/16/2026 08:00 pm GMT+4,2024,ISU,NPR XD,5.2L 4,4,JALC4W164R7K01930,CERT OF TITLE-REBUILT SALVAGE,0 N,NOT ACTUAL,FRONT END,15 USD,0 USD,0,FL - TAMPA SOUTH,0,N/A,N/A
https://www.copart.com/lot/78863895/clean-title-2019-ram-promaster-3500-3500-high-ca-sun-valley,78863895,$1 USD,03/16/2026 08:00 pm GMT+4,2019,RAM,PROMASTER 3500,3.6L 6,6,3C6URVJG8KE543839,DIS/DLR/EXP ONLY CLEAN TITLE,"24,751 N",NOT ACTUAL,SIDE,0 USD,0 USD,0,CA - SUN VALLEY,0,N/A,N/A
https://www.copart.com/lot/78861495/clean-title-2015-ram-promaster-3500-3500-high-ut-salt-lake-city,78861495,$1 USD,03/16/2026 08:00 pm GMT+4,2015,RAM,PROMASTER 3500,3.6L 6,6,3C6URVHGXFE513799,CERTIFICATE OF TITLE,"206,768 A",ACTUAL,MINOR DENT/SCRATCHES,0 USD,0 USD,0,UT - SALT LAKE CITY,0,N/A,N/A
https://www.copart.com/lot/78839905/clean-title-2011-ford-e150-delivery-van-fl-west-palm-beach,78839905,$1 USD,03/16/2026 08:00 pm GMT+4,2011,FORD,ECONOLINE,4.6L 8,8,1FTNE1EW2BDA82349,CERTIFICATE OF TITLE (P),"336,330 A",ACTUAL,MINOR DENT/SCRATCHES,250 USD,0 USD,0,FL - WEST PALM BEACH,0,N/A,N/A
https://www.copart.com/lot/78832035/clean-title-2016-hino-258268-wi-milwaukee-south,78832035,"28,654 USD",03/16/2026 08:00 pm GMT+4,2016,HINO,258/268,7.6L 6,6,5PVNJ8JV9G4S60248,CERTIFICATE OF TITLE (P),0 N,NOT ACTUAL,FRONT END,0 USD,0 USD,0,WI - MILWAUKEE SOUTH,0,N/A,N/A
https://www.copart.com/lot/78803145/clean-title-2016-isuzu-reach-delivery-van-mt-billings,78803145,$1 USD,03/16/2026 08:00 pm GMT+4,2016,ISU,NPR,3.0L 4,4,JALB4T172G7W00268,CERTIFICATE OF TITLE,"232,304 A",ACTUAL,MECHANICAL,0 USD,0 USD,0,MT - BILLINGS,2.9,N/A,N/A
https://www.copart.com/lot/78735985/clean-title-2017-ford-transit-250-delivery-van-tx-dallas-south,78735985,$1 USD,03/16/2026 08:00 pm GMT+4,2017,FORD,TRANSIT,3.7L 6,6,1FTYR2XM9HKB06847,CERTIFICATE OF TITLE (P),0 N,NOT ACTUAL,FRONT END,0 USD,0 USD,0,TX - DALLAS SOUTH,0,N/A,N/A
https://www.copart.com/lot/78728615/clean-title-2016-gmc-savana-cutaway-g3500-co-colorado-springs,78728615,"15,000 USD",03/16/2026 08:00 pm GMT+4,2016,GMC,SAVANA,6.0L  8,8,1GD37TCG5G1300118,DIS/DLR/EXP ONLY CLEAN TITLE,"175,747 A",ACTUAL,MECHANICAL,0 USD,0 USD,0,CO - COLORADO SPRINGS,0,N/A,N/A
https://www.copart.com/lot/78696915/clean-title-2025-chevrolet-express-g2500-delivery-van-ny-newburgh,78696915,"38,000 USD",03/16/2026 08:00 pm GMT+4,2025,CHEV,EXPRESS G2500,4.3L 6,6,1GCWGAFP0S1195384,CERTIFICATE OF TITLE (P),"6,044 A",ACTUAL,FRONT END,0 USD,0 USD,0,NY - NEWBURGH,0,N/A,N/A
https://www.copart.com/lot/78674115/clean-title-2014-ford-f150-ca-martinez,78674115,"8,500 USD",03/16/2026 08:00 pm GMT+4,2014,FORD,F150,5.0L  8,8,1FTNF1CF4EKD81907,DIS/DLR/EXP ONLY CLEAN TITLE,"197,895 A",ACTUAL,MECHANICAL,150 USD,0 USD,0,CA - MARTINEZ,0,N/A,N/A
https://www.copart.com/lot/78671705/clean-title-2015-ram-4500-utility-service-truck-ga-atlanta-east,78671705,$1 USD,03/16/2026 08:00 pm GMT+4,2015,RAM,4500,6.4L  8,8,3C7WRKAJ1FG707666,CERTIFICATE OF TITLE,"217,528 A",ACTUAL,MINOR DENT/SCRATCHES,0 USD,0 USD,0,GA - ATLANTA EAST,0,N/A,N/A
https://www.copart.com/lot/78665875/clean-title-2019-chevrolet-express-g3500-ls-2-8l-4c-tdsl-passenger-nc-mocksville,78665875,"23,466 USD",03/16/2026 08:00 pm GMT+4,2019,CHEV,EXPRESS G3500,2.8L 4,4,1GAZGLF16K1368905,DEALER ONLY CLEAN TITLE,"144,074 A",ACTUAL,MECHANICAL,0 USD,0 USD,0,NC - MOCKSVILLE,0,N/A,N/A
https://www.copart.com/lot/78658735/clean-title-2014-gmc-savana-box-truck-ca-napa,78658735,"17,513 USD",03/16/2026 08:00 pm GMT+4,2014,GMC,SAVANA,6.0L  8,8,1GD373BG7E1120170,DIS/DLR/EXP ONLY CLEAN TITLE,"99,272 A",ACTUAL,MECHANICAL,0 USD,0 USD,0,CA - NAPA,0,N/A,N/A
https://www.copart.com/lot/78576835/clean-title-2013-chevrolet-express-g2500-fl-ocala,78576835,"5,100 USD",03/16/2026 08:00 pm GMT+4,2013,CHEV,EXPRESS G2500,4.8L 8,8,1GCWGFFA5D1104346,CERTIFICATE OF TITLE,"197,380 A",ACTUAL,MECHANICAL,0 USD,0 USD,0,FL - OCALA,0,N/A,N/A
https://www.copart.com/lot/78563815/clean-title-2020-freightliner-mt45g-chassis-delivery-truck-ca-van-nuys,78563815,$1 USD,03/16/2026 08:00 pm GMT+4,2020,FRHT,CHASSIS,,,4UZAC2EAXLCLZ7241,CERTIFICATE OF TITLE (P),"98,610 A",ACTUAL,MINOR DENT/SCRATCHES,0 USD,0 USD,0,CA - VAN NUYS,0,N/A,N/A
https://www.copart.com/lot/78557305/clean-title-2016-ford-f350-super-duty-ky-lexington-east,78557305,$1 USD,03/16/2026 08:00 pm GMT+4,2016,FORD,F350,6.7L  8,8,1FT8W3BT4GEB91977,CERTIFICATE OF TITLE,"187,370 A",ACTUAL,NORMAL WEAR,0 USD,0 USD,0,KY - LEXINGTON EAST,0,N/A,N/A
https://www.copart.com/lot/78531595/clean-title-2006-dodge-sprinter-2500-delivery-van-tx-houston,78531595,$1 USD,03/16/2026 08:00 pm GMT+4,2006,DODG,SPRINTER,2.7L  5,5,WD0PD644565942065,CERT OF TITLE-REBUILT SALVAGE (P),"339,670 E",EXEMPT,REAR END,0 USD,0 USD,0,TX - HOUSTON,0,N/A,N/A
https://www.copart.com/lot/78522915/clean-title-2014-ram-promaster-3500-3500-high-mi-detroit,78522915,"10,000 USD",03/16/2026 08:00 pm GMT+4,2014,RAM,PROMASTER 3500,3.0L  4,4,3C6URVJD8EE120463,CERTIFICATE OF TITLE,"299,524 A",ACTUAL,MINOR DENT/SCRATCHES,0 USD,0 USD,0,MI - DETROIT,0,N/A,N/A
https://www.copart.com/lot/78511605/clean-title-2013-ford-f350-super-duty-flatbed-truck-oh-columbus,78511605,$1 USD,03/16/2026 08:00 pm GMT+4,2013,FORD,F350,6.2L  8,8,1FDRF3G66DEA86761,CERTIFICATE OF TITLE,"163,700 A",ACTUAL,MINOR DENT/SCRATCHES,0 USD,0 USD,0,OH - COLUMBUS,0,N/A,N/A
https://www.copart.com/lot/78448135/clean-title-2014-nissan-nv-2500-utility-service-van-tx-north-austin,78448135,$1 USD,03/16/2026 08:00 pm GMT+4,2014,NISS,NV,4.0L  6,6,1N6BF0LX2EN103640,CERTIFICATE OF TITLE,"205,554 A",ACTUAL,NORMAL WEAR,0 USD,0 USD,0,TX - NORTH AUSTIN,0,N/A,N/A
https://www.copart.com/lot/78444385/clean-title-2015-ford-transit-150-utility-service-van-tx-north-austin,78444385,$1 USD,03/16/2026 08:00 pm GMT+4,2015,FORD,TRANSIT,3.7L  6,6,1FTNE2CM3FKB32085,CERTIFICATE OF TITLE,"176,446 A",ACTUAL,NORMAL WEAR,675 USD,0 USD,0,TX - NORTH AUSTIN,0,N/A,N/A
https://www.copart.com/lot/78432685/clean-title-2020-chevrolet-express-g3500-lt-pa-pittsburgh-west,78432685,"25,700 USD",03/16/2026 08:00 pm GMT+4,2020,CHEV,EXPRESS G3500,6.0L  8,8,1GAZGPFG5L1260806,CERT OF TITLE,"254,122 A",ACTUAL,FRONT END,0 USD,0 USD,0,PA - PITTSBURGH WEST,0,N/A,N/A
https://www.copart.com/lot/78431555/clean-title-2012-chevrolet-express-mn-minneapolis-north,78431555,"3,500 USD",03/16/2026 08:00 pm GMT+4,2012,CHEV,EXPRESS,4.3L  6,6,1GCSGAFX3C1143666,CERTIFICATE OF TITLE,"327,705 A",ACTUAL,SIDE,0 USD,0 USD,0,MN - MINNEAPOLIS NORTH,0,N/A,N/A
https://www.copart.com/lot/78431215/clean-title-2005-ford-econoline-e250-van-ny-albany,78431215,$1 USD,03/16/2026 08:00 pm GMT+4,2005,FORD,ECONOLINE,5.4L  8,8,1FTNS24L45HA43412,CERTIFICATE OF TITLE,"122,834 A",ACTUAL,MINOR DENT/SCRATCHES,0 USD,0 USD,0,NY - ALBANY,0,N/A,N/A
https://www.copart.com/lot/78428655/clean-title-2010-isuzu-nqr-flatbed-truck-ma-west-warren,78428655,"14,688 USD",03/16/2026 08:00 pm GMT+4,2010,ISU,NQR,5.19L  4,4,JALE5W167A7301370,CERTIFICATE OF TITLE,"131,890 A",ACTUAL,MECHANICAL,0 USD,0 USD,0,MA - WEST WARREN,0,N/A,N/A
https://www.copart.com/lot/78380705/clean-title-2010-ford-f150-ga-fairburn,78380705,"6,500 USD",03/16/2026 08:00 pm GMT+4,2010,FORD,F150,4.6L 8,8,1FTMF1CW7AKC08520,CERTIFICATE OF TITLE,"166,502 A",ACTUAL,REAR END,0 USD,0 USD,0,GA - FAIRBURN,0,N/A,N/A
https://www.copart.com/lot/78364415/clean-title-2019-ram-promaster-3500-3500-standard-al-birmingham,78364415,"30,505 USD",03/16/2026 08:00 pm GMT+4,2019,RAM,PROMASTER 3500,3.6L  6,6,3C7WRVFG0KE564892,CERTIFICATE OF TITLE,"565,664 A",ACTUAL,SIDE,0 USD,0 USD,0,AL - BIRMINGHAM,0,N/A,N/A
https://www.copart.com/lot/78354755/clean-title-2017-chevrolet-express-box-truck-fl-west-palm-beach,78354755,$1 USD,03/16/2026 08:00 pm GMT+4,2017,CHEV,EXPRESS G3500,,,1HA3GSCG0HN008056,CERTIFICATE OF TITLE (P),"115,154 A",ACTUAL,MINOR DENT/SCRATCHES,"1,550 USD",0 USD,0,FL - WEST PALM BEACH,0,N/A,N/A
https://www.copart.com/lot/78337745/clean-title-2022-ram-3500-truck-cab-and-chassis-mi-detroit,78337745,$1 USD,03/16/2026 08:00 pm GMT+4,2022,RAM,3500,6.7L  6,6,3C63RRGL5NG379255,CERTIFICATE OF TITLE,"172,654 A",ACTUAL,REAR END,0 USD,0 USD,0,MI - DETROIT,0,N/A,N/A
https://www.copart.com/lot/78331105/clean-title-2012-chevrolet-express-g1500-ca-rancho-cucamonga,78331105,$1 USD,03/16/2026 08:00 pm GMT+4,2012,CHEV,EXPRESS G1500,4.3L  6,6,1GCSGAFX7C1200970,DIS/DLR/EXP ONLY CLEAN TITLE,0 N,NOT ACTUAL,NORMAL WEAR,0 USD,0 USD,0,CA - RANCHO CUCAMONGA,0,N/A,N/A
https://www.copart.com/lot/78330105/clean-title-2008-ford-f150-tx-ft-worth,78330105,$1 USD,03/16/2026 08:00 pm GMT+4,2008,FORD,F150,4.2L  6,6,1FTRF12268KB87674,CERTIFICATE OF TITLE,"199,170 E",EXEMPT,NORMAL WEAR,0 USD,0 USD,0,TX - FT. WORTH,0,N/A,N/A
https://www.copart.com/lot/78328835/clean-title-2012-ford-e350-delivery-van-mi-flint,78328835,"12,937 USD",03/16/2026 08:00 pm GMT+4,2012,FORD,E350,5.4L  8,8,1FTSS3EL1CDA81451,CERTIFICATE OF TITLE,"297,956 A",ACTUAL,SIDE,0 USD,0 USD,0,MI - FLINT,0,N/A,N/A
https://www.copart.com/lot/78311135/clean-title-2019-ram-promaster-2500-2500-high-mi-lansing,78311135,$1 USD,03/16/2026 08:00 pm GMT+4,2019,RAM,PROMASTER 2500,3.6L  6,6,3C6TRVDG6KE509812,DEALER ONLY CLEAN TITLE,"84,509 A",ACTUAL,SIDE,0 USD,0 USD,0,MI - LANSING,0,N/A,N/A
https://www.copart.com/lot/78310845/clean-title-2022-ford-transit-connect-xl-dc-washington-dc,78310845,"23,188 USD",03/16/2026 08:00 pm GMT+4,2022,FORD,TRANSIT CONNECT,2.0L 4,4,NM0LS7S28N1525904,CERTIFICATE OF TITLE,"85,979 A",ACTUAL,FRONT END,225 USD,0 USD,0,DC - WASHINGTON DC,2.7,N/A,N/A
https://www.copart.com/lot/78310695/clean-title-2020-chevrolet-express-2500-cargo-utility-service-van-tn-knoxville,78310695,"18,972 USD",03/16/2026 08:00 pm GMT+4,2020,CHEV,EXPRESS G2500,6.0L 8,8,1GCWGAFG5L1264992,CERTIFICATE OF TITLE,"201,381 A",ACTUAL,FRONT END,225 USD,0 USD,0,TN - KNOXVILLE,2.4,N/A,"Maintenance,Safety,Emission"
https://www.copart.com/lot/78310595/clean-title-2015-ford-f350-super-duty-mo-sikeston,78310595,"19,750 USD",03/16/2026 08:00 pm GMT+4,2015,FORD,F350,6.2L 8,8,1FDRF3G60FEC84514,CERTIFICATE OF TITLE,"79,697 A",ACTUAL,NORMAL WEAR,50 USD,0 USD,0,MO - SIKESTON,4.1,N/A,N/A
https://www.copart.com/lot/78299185/clean-title-2018-chevrolet-express-3500-utility-service-van-ca-los-angeles,78299185,"20,561 USD",03/16/2026 08:00 pm GMT+4,2018,CHEV,EXPRES3500,6.0L  8,8,1GCZGGFG9J1335222,DIS/DLR/EXP ONLY CLEAN TITLE,"151,070 A",ACTUAL,MINOR DENT/SCRATCHES,0 USD,0 USD,0,CA - LOS ANGELES,0,N/A,N/A
https://www.copart.com/lot/78298845/clean-title-2018-chevrolet-express-3500-utility-service-van-ca-los-angeles,78298845,"20,552 USD",03/16/2026 08:00 pm GMT+4,2018,CHEV,EXPRES3500,6.0L  8,8,1GCZGGFG8J1335096,DIS/DLR/EXP ONLY CLEAN TITLE,"170,490 A",ACTUAL,NORMAL WEAR,0 USD,0 USD,0,CA - LOS ANGELES,0,N/A,N/A
https://www.copart.com/lot/78298055/clean-title-2018-chevrolet-express-g2500-ca-los-angeles,78298055,"17,441 USD",03/16/2026 08:00 pm GMT+4,2018,CHEV,EXPRESS G2500,4.3L  6,6,1GCWGAFP7J1310391,DIS/DLR/EXP ONLY CLEAN TITLE,"156,881 A",ACTUAL,MINOR DENT/SCRATCHES,0 USD,0 USD,0,CA - LOS ANGELES,0,N/A,N/A
https://www.copart.com/lot/78297585/clean-title-2018-chevrolet-express-2500-utility-service-van-ca-los-angeles,78297585,"20,597 USD",03/16/2026 08:00 pm GMT+4,2018,CHEV,EXPRESS 25,4.3L  6,6,1GCWGAFP0J1323413,DIS/DLR/EXP ONLY CLEAN TITLE,"158,954 A",ACTUAL,MINOR DENT/SCRATCHES,0 USD,0 USD,0,CA - LOS ANGELES,0,N/A,N/A
https://www.copart.com/lot/78296745/clean-title-2018-chevrolet-express-2500-utility-service-van-ca-los-angeles,78296745,"20,548 USD",03/16/2026 08:00 pm GMT+4,2018,CHEV,EXPRESS 25,4.3L  6,6,1GCWGAFP1J1197479,DIS/DLR/EXP ONLY CLEAN TITLE,"145,131 A",ACTUAL,MINOR DENT/SCRATCHES,0 USD,0 USD,0,CA - LOS ANGELES,0,N/A,N/A
https://www.copart.com/lot/78296335/clean-title-2017-chevrolet-express-2500-cargo-utility-servic-ca-los-angeles,78296335,"20,488 USD",03/16/2026 08:00 pm GMT+4,2017,CHEV,EXPRESS 2,, ,1GCWGAFF6H1313101,DIS/DLR/EXP ONLY CLEAN TITLE,"191,940 A",ACTUAL,MINOR DENT/SCRATCHES,0 USD,0 USD,0,CA - LOS ANGELES,0,N/A,N/A
https://www.copart.com/lot/78278145/clean-title-2015-ford-transit-t-150-fl-orlando-north,78278145,"22,736 USD",03/16/2026 08:00 pm GMT+4,2015,FORD,TRANSIT,3.7L  6,6,1FDZK1CM5FKB12498,CERTIFICATE OF TITLE,"371,827 A",ACTUAL,SIDE,0 USD,0 USD,0,FL - ORLANDO NORTH,0,N/A,N/A
https://www.copart.com/lot/78277965/clean-title-2017-ford-econoline-bus-ca-napa,78277965,"15,895 USD",03/16/2026 08:00 pm GMT+4,2017,FORD,ECONOLINE,,,1FDFE4FS9HDC61901,DIS/DLR/EXP ONLY CLEAN TITLE,"245,460 A",ACTUAL,MINOR DENT/SCRATCHES,"2,950 USD",0 USD,0,CA - NAPA,0,N/A,N/A
https://www.copart.com/lot/78277795/clean-title-2018-ford-transit-t-150-fl-orlando-north,78277795,"38,995 USD",03/16/2026 08:00 pm GMT+4,2018,FORD,TRANSIT,3.7L  6,6,1FTYE1CM5JKA59706,CERTIFICATE OF TITLE,"329,367 A",ACTUAL,SIDE,0 USD,0 USD,0,FL - ORLANDO NORTH,0,N/A,N/A
https://www.copart.com/lot/78277195/clean-title-2018-ford-transit-t-150-fl-orlando-north,78277195,"38,995 USD",03/16/2026 08:00 pm GMT+4,2018,FORD,TRANSIT,3.7L  6,6,1FTYE1CM1JKA59699,CERTIFICATE OF TITLE,"317,557 A",ACTUAL,MINOR DENT/SCRATCHES,0 USD,0 USD,0,FL - ORLANDO NORTH,0,N/A,N/A
https://www.copart.com/lot/78276575/clean-title-2020-ford-transit-t-350-hd-ct-hartford-springfield,78276575,$1 USD,03/16/2026 08:00 pm GMT+4,2020,FORD,TRANSIT,3.5L  6,6,1FTRS4X80LKB04842,CERTIFICATE OF TITLE (P),"14,927 A",ACTUAL,MINOR DENT/SCRATCHES,0 USD,0 USD,0,CT - HARTFORD SPRINGFIELD,0,N/A,N/A
https://www.copart.com/lot/78179405/clean-title-2008-ford-econoline-e350-super-duty-van-pa-york-haven,78179405,$1 USD,03/16/2026 08:00 pm GMT+4,2008,FORD,ECONOLINE,5.4L  8,8,1FTSE34L18DB36870,CERT OF TITLE,"235,030 E",EXEMPT,MINOR DENT/SCRATCHES,0 USD,0 USD,0,PA - YORK HAVEN,0,N/A,N/A
https://www.copart.com/lot/78165355/clean-title-2017-ford-transit-connect-delivery-van-nj-trenton,78165355,"15,725 USD",03/16/2026 08:00 pm GMT+4,2017,FORD,TRANSIT CO,2.5L  4,4,NM0LS7F73H1319576,CERTIFICATE OF TITLE,"73,637 A",ACTUAL,FRONT END,0 USD,0 USD,0,NJ - TRENTON,0,N/A,N/A
https://www.copart.com/lot/78083845/clean-title-2018-chevrolet-silverado-c3500-tn-memphis,78083845,$1 USD,03/16/2026 08:00 pm GMT+4,2018,CHEV,SILVERADO,6.6L  8,8,1GB3CYCY5JF131593,CERTIFICATE OF TITLE (P),"190,794 A",ACTUAL,NORMAL WEAR,0 USD,0 USD,0,TN - MEMPHIS,0,N/A,N/A
https://www.copart.com/lot/78083245/clean-title-2018-ram-3500-truck-cab-and-chassis-tn-memphis,78083245,$1 USD,03/16/2026 08:00 pm GMT+4,2018,RAM,3500,6.7L  6,6,3C7WRSBL1JG335691,CERTIFICATE OF TITLE (P),"230,362 A",ACTUAL,NORMAL WEAR,0 USD,0 USD,0,TN - MEMPHIS,0,N/A,N/A
https://www.copart.com/lot/78080495/clean-title-2021-ram-3500-tn-memphis,78080495,$1 USD,03/16/2026 08:00 pm GMT+4,2021,RAM,3500,6.7L  6,6,3C7WRSBL5MG571863,CERTIFICATE OF TITLE (P),"179,790 A",ACTUAL,NORMAL WEAR,0 USD,0 USD,0,TN - MEMPHIS,0,N/A,N/A
https://www.copart.com/lot/78079465/clean-title-2013-nissan-nv-2500-utility-service-van-co-denver,78079465,"15,150 USD",03/16/2026 08:00 pm GMT+4,2013,NISS,NV,5.6L  8,8,1N6AF0KY2DN106879,DIS/DLR/EXP ONLY CLEAN TITLE,"313,199 A",ACTUAL,MECHANICAL,0 USD,0 USD,0,CO - DENVER,0,N/A,N/A
https://www.copart.com/lot/78078715/clean-title-2022-ram-3500-tn-memphis,78078715,$1 USD,03/16/2026 08:00 pm GMT+4,2022,RAM,3500,6.7L  6,6,3C7WRSBL3NG103664,CERTIFICATE OF TITLE (P),"134,189 A",ACTUAL,NORMAL WEAR,0 USD,0 USD,0,TN - MEMPHIS,0,N/A,N/A
https://www.copart.com/lot/78066155/clean-title-2019-chevrolet-express-g2500-delivery-van-mi-detroit,78066155,"22,325 USD",03/16/2026 08:00 pm GMT+4,2019,CHEV,EXPRESS G2,6.0L  8,8,1GCWGAFG2K1221838,CERTIFICATE OF TITLE,"254,925 A",ACTUAL,FRONT END,0 USD,0 USD,0,MI - DETROIT,0,N/A,N/A
https://www.copart.com/lot/78066085/clean-title-2017-nissan-nv-1500-delivery-van-ga-atlanta-north,78066085,"5,100 USD",03/16/2026 08:00 pm GMT+4,2017,NISS,NV,4.0L 6,6,1N6BF0KM5HN802854,CERTIFICATE OF TITLE,"300,758 A",ACTUAL,MECHANICAL,125 USD,0 USD,0,GA - ATLANTA NORTH,0,N/A,N/A
https://www.copart.com/lot/77929085/clean-title-2018-freightliner-business-class-m2-box-truck-ut-ogden,77929085,"23,200 USD",03/16/2026 08:00 pm GMT+4,2018,FRHT,M2,5.1L 4,4,1FVACWFB2JHJR4920,CERTIFICATE OF TITLE,"169,329 N",NOT ACTUAL,NORMAL WEAR,0 USD,0 USD,0,UT - OGDEN,0,N/A,N/A
https://www.copart.com/lot/77928885/clean-title-2020-ram-3500-tn-memphis,77928885,$1 USD,03/16/2026 08:00 pm GMT+4,2020,RAM,3500,6.7L  6,6,3C7WRSBL2LG190969,CERTIFICATE OF TITLE (P),"188,235 A",ACTUAL,NORMAL WEAR,0 USD,0 USD,0,TN - MEMPHIS,0,N/A,N/A
https://www.copart.com/lot/77925285/clean-title-2014-ford-f450-super-duty-flatbed-truck-dc-washington-dc,77925285,"28,880 USD",03/16/2026 08:00 pm GMT+4,2014,FORD,F450,6.8L 10,10,1FD0W4GY2EEB14279,CERTIFICATE OF TITLE,"56,020 A",ACTUAL,FRAME DAMAGE,0 USD,0 USD,0,DC - WASHINGTON DC,2.4,N/A,N/A
https://www.copart.com/lot/77925265/clean-title-2015-ford-f450-super-duty-flatbed-truck-va-fredericksburg,77925265,"28,800 USD",03/16/2026 08:00 pm GMT+4,2015,FORD,F450,6.8L 10,10,1FD0W4GY1FEB41040,CERTIFICATE OF TITLE,"64,354 A",ACTUAL,FRONT END,200 USD,0 USD,0,VA - FREDERICKSBURG,2.7,N/A,"Other,Emission"
https://www.copart.com/lot/77917575/clean-title-2015-ford-transit-150-delivery-van-co-denver-south,77917575,$1 USD,03/16/2026 08:00 pm GMT+4,2015,FORD,TRANSIT,3.7L  6,6,1FTNE1YM1FKA83262,CERTIFICATE OF TITLE,"322,055 A",ACTUAL,FRONT END,0 USD,0 USD,0,CO - DENVER SOUTH,0,N/A,N/A
https://www.copart.com/lot/77909315/clean-title-2013-ford-f450-super-duty-flatbed-truck-ga-atlanta-east,77909315,"28,480 USD",03/16/2026 08:00 pm GMT+4,2013,FORD,F450,6.8L 10,10,1FDGW4GY4DEA43406,CERTIFICATE OF TITLE,"82,258 A",ACTUAL,MINOR DENT/SCRATCHES,0 USD,0 USD,0,GA - ATLANTA EAST,1.4,N/A,Other
https://www.copart.com/lot/77890985/clean-title-2015-ford-f450-super-duty-flatbed-truck-ga-atlanta-east,77890985,"28,800 USD",03/16/2026 08:00 pm GMT+4,2015,FORD,F450,6.8L 10,10,1FD0W4GY7FEC28523,CERTIFICATE OF TITLE,"93,677 A",ACTUAL,SIDE,0 USD,0 USD,0,GA - ATLANTA EAST,2.1,N/A,"Other,Emission"
https://www.copart.com/lot/77871305/clean-title-2020-freightliner-m2-106-med-box-truck-pa-harrisburg,77871305,"50,157 USD",03/16/2026 08:00 pm GMT+4,2020,FRHT,M2 106 MED,6.7L  6,6,3ALACWFC6LDLY2163,CERT OF TITLE,0 N,NOT ACTUAL,MINOR DENT/SCRATCHES,0 USD,0 USD,0,PA - HARRISBURG,0,N/A,N/A
https://www.copart.com/lot/77849755/clean-title-2020-mercedes-benz-metris-delivery-van-mn-minneapolis-north,77849755,$1 USD,03/16/2026 08:00 pm GMT+4,2020,MERZ,METRIS,2.0L  4,4,WD3PG2EA1L3661329,CERTIFICATE OF TITLE,"126,020 A",ACTUAL,MINOR DENT/SCRATCHES,0 USD,0 USD,0,MN - MINNEAPOLIS NORTH,3.5,N/A,Other
https://www.copart.com/lot/77792835/clean-title-2017-ford-f450-super-duty-flatbed-truck-ca-napa,77792835,"33,157 USD",03/16/2026 08:00 pm GMT+4,2017,FORD,F450,6.7L  8,8,1FDUF4GT8HEB31257,DIS/DLR/EXP ONLY CLEAN TITLE,"251,316 A",ACTUAL,MINOR DENT/SCRATCHES,0 USD,0 USD,0,CA - NAPA,0,N/A,N/A
https://www.copart.com/lot/77785955/clean-title-2018-ford-transit-150-utility-service-van-ga-atlanta-south,77785955,"16,540 USD",03/16/2026 08:00 pm GMT+4,2018,FORD,TRANSIT,3.7L 6,6,1FTYE2YM0JKA94457,CERTIFICATE OF TITLE,"164,682 A",ACTUAL,MECHANICAL,125 USD,0 USD,0,GA - ATLANTA SOUTH,3.1,N/A,"Safety,Other"
https://www.copart.com/lot/77757825/clean-title-2010-chevrolet-express-g1500-ls-ca-bakersfield,77757825,"7,958 USD",03/16/2026 08:00 pm GMT+4,2010,CHEV,EXPRESS G1500,5.3L  8,8,1GNUHBD45A1172448,APP FOR DUP CLEAN OR AC,"88,518 A",ACTUAL,NORMAL WEAR,0 USD,0 USD,0,CA - BAKERSFIELD,0,N/A,N/A
https://www.copart.com/lot/77755585/clean-title-2021-chevrolet-express-g2500-mo-columbia,77755585,"25,575 USD",03/16/2026 08:00 pm GMT+4,2021,CHEV,EXPRESS G2500,4.3L  6,6,1GCWGAFP5M1181967,CERTIFICATE OF TITLE,"155,277 A",ACTUAL,MINOR DENT/SCRATCHES,0 USD,0 USD,0,MO - COLUMBIA,0,N/A,N/A
https://www.copart.com/lot/77711055/clean-title-2006-ford-e250-delivery-van-nv-reno,77711055,"4,725 USD",03/16/2026 08:00 pm GMT+4,2006,FORD,ECOVAN,4.6L  8,8,1FTNE24W56HB10408,CERTIFICATE OF TITLE,0 E,EXEMPT,FRONT END,0 USD,0 USD,0,NV - RENO,0,N/A,N/A
https://www.copart.com/lot/77705855/clean-title-2021-mercedes-benz-sprinter-2500-delivery-van-nj-trenton,77705855,$1 USD,03/16/2026 08:00 pm GMT+4,2021,MERZ,SPRINTER 2,2.2L  4,4,W1Y4DDHY6MT048156,CERTIFICATE OF TITLE (P),"97,378 A",ACTUAL,FRONT END,0 USD,0 USD,0,NJ - TRENTON,0,N/A,N/A
https://www.copart.com/lot/77695515/clean-title-2018-ford-f550-super-duty-flatbed-truck-tx-dallas-south,77695515,"28,340 USD",03/16/2026 08:00 pm GMT+4,2018,FORD,F550,6.8L 10,10,1FDUF5GY2JEC26579,CERTIFICATE OF TITLE,"48,075 A",ACTUAL,NORMAL WEAR,0 USD,0 USD,0,TX - DALLAS SOUTH,3.9,N/A,N/A
https://www.copart.com/lot/77607005/clean-title-2019-ford-transit-t-250-az-phoenix-north,77607005,$1 USD,03/16/2026 08:00 pm GMT+4,2019,FORD,TRANSIT,3.7L  6,6,1FTYR2CM9KKA36327,CERTIFICATE OF TITLE (P),"144,130 A",ACTUAL,MINOR DENT/SCRATCHES,0 USD,0 USD,0,AZ - PHOENIX NORTH,0,N/A,N/A
https://www.copart.com/lot/77598715/clean-title-2001-chevrolet-express-g3500-ca-van-nuys,77598715,$1 USD,03/16/2026 08:00 pm GMT+4,2001,CHEV,EXPRESS G3500,5.7L  8,8,1GCHG35R311158075,DIS/DLR/EXP ONLY CLEAN TITLE,"84,241 A",ACTUAL,NORMAL WEAR,200 USD,0 USD,0,CA - VAN NUYS,1.8,N/A,N/A
https://www.copart.com/lot/77593955/clean-title-2014-chevrolet-express-g1500-nc-mebane,77593955,$1 USD,03/16/2026 08:00 pm GMT+4,2014,CHEV,EXPRESS G1500,4.3L  6,6,1GCSGAFX3E1113909,DEALER ONLY CLEAN TITLE,"323,440 A",ACTUAL,NORMAL WEAR,0 USD,0 USD,0,NC - MEBANE,0,N/A,N/A
https://www.copart.com/lot/77588485/clean-title-2018-ford-f750-super-duty-flatbed-truck-tx-dallas,77588485,$1 USD,03/16/2026 08:00 pm GMT+4,2018,FORD,F750 SUPER,6.7L  8,8,1FDNF7DC7JDF05167,CERTIFICATE OF TITLE,"91,473 N",NOT ACTUAL,NORMAL WEAR,0 USD,0 USD,0,TX - DALLAS,0,N/A,N/A
https://www.copart.com/lot/77578985/clean-title-2020-kenworth-t270-flatbed-truck-tx-houston,77578985,$1 USD,03/16/2026 08:00 pm GMT+4,2020,KW,T270,6.7L  6,6,2NKHHM6X2LM377653,CERTIFICATE OF TITLE,"263,851 A",ACTUAL,MINOR DENT/SCRATCHES,0 USD,0 USD,0,TX - HOUSTON,0,N/A,N/A
https://www.copart.com/lot/77573555/clean-title-2010-ford-f150-fl-west-palm-beach,77573555,$1 USD,03/16/2026 08:00 pm GMT+4,2010,FORD,F150,4.6L  8,8,1FTMF1CW8AKB11097,CERTIFICATE OF TITLE,"168,927 A",ACTUAL,MINOR DENT/SCRATCHES,0 USD,0 USD,0,FL - WEST PALM BEACH,0,N/A,N/A
https://www.copart.com/lot/77570355/clean-title-2017-ram-promaster-2500-2500-high-de-seaford,77570355,$1 USD,03/16/2026 08:00 pm GMT+4,2017,RAM,PROMASTER 2500,3.6L  6,6,3C6TRVDGXHE551778,CERTIFICATE OF TITLE,"238,525 A",ACTUAL,SIDE,0 USD,0 USD,0,DE - SEAFORD,0,N/A,N/A
https://www.copart.com/lot/77532165/clean-title-2022-ford-transit-connect-xl-de-seaford,77532165,"23,188 USD",03/16/2026 08:00 pm GMT+4,2022,FORD,TRANSIT CONNECT,2.0L 4,4,NM0LE7S23N1519273,CERTIFICATE OF TITLE,"106,564 A",ACTUAL,MECHANICAL,0 USD,0 USD,0,DE - SEAFORD,4.5,N/A,Other
https://www.copart.com/lot/77524215/clean-title-2013-chevrolet-express-2500-cargo-utility-service-van-ca-van-nuys,77524215,$1 USD,03/16/2026 08:00 pm GMT+4,2013,CHEV,EXPRESS G2500,4.8L  8,8,1GCWGFCA2D1191806,CERTIFICATE OF TITLE,"83,348 A",ACTUAL,MINOR DENT/SCRATCHES,200 USD,0 USD,0,CA - VAN NUYS,2.9,N/A,N/A
https://www.copart.com/lot/77514575/clean-title-2015-ford-f250-super-duty-utility-service-truck-ca-los-angeles,77514575,$1 USD,03/16/2026 08:00 pm GMT+4,2015,FORD,F250 SUPER,6.2L  8,8,1FD7X2B67FEA48335,DIS/DLR/EXP ONLY CLEAN TITLE,"198,445 A",ACTUAL,NORMAL WEAR,0 USD,0 USD,0,CA - LOS ANGELES,0,N/A,N/A
https://www.copart.com/lot/77503195/clean-title-1993-toyota-pickup-utility-service-truck-ca-los-angeles,77503195,"5,458 USD",03/16/2026 08:00 pm GMT+4,1993,TOYT,PICKUP,2.4L  4,4,4TARN81A2PZ154239,DIS/DLR/EXP APP FOR DUP CLEAN,"271,868 E",EXEMPT,UNDERCARRIAGE,175 USD,0 USD,0,CA - LOS ANGELES,0,N/A,N/A
https://www.copart.com/lot/77490655/clean-title-2011-international-4000-4300-ca-san-bernardino,77490655,"11,958 USD",03/16/2026 08:00 pm GMT+4,2011,INTL,4000,7.6L  6,6,1HTMMAAL2BH389333,DIS/DLR/EXP ONLY CLEAN TITLE,"149,040 A",ACTUAL,MINOR DENT/SCRATCHES,0 USD,0 USD,0,CA - SAN BERNARDINO,0,N/A,N/A
https://www.copart.com/lot/77487955/clean-title-2021-ford-e350-cutaway-cargo-7-3l-ms-jackson,77487955,"32,557 USD",03/16/2026 08:00 pm GMT+4,2021,FORD,ECONOLINE,7.3L 8,8,1FDWE3FK4MDC41348,CERTIFICATE OF TITLE,0 N,NOT ACTUAL,MECHANICAL,0 USD,0 USD,0,MS - JACKSON,0,N/A,N/A
https://www.copart.com/lot/77487655/clean-title-2007-chevrolet-c4500-c4c042-ut-ogden,77487655,$1 USD,03/16/2026 08:00 pm GMT+4,2007,CHEV,C4500,8,8,1GBE4C1297F415647,CERTIFICATE OF TITLE,"211,372 A",ACTUAL,NORMAL WEAR,0 USD,0 USD,0,UT - OGDEN,2.6,N/A,N/A
https://www.copart.com/lot/77480075/clean-title-2010-ford-transit-connect-xlt-wa-pasco,77480075,$1 USD,03/16/2026 08:00 pm GMT+4,2010,FORD,TRANSIT CONNECT,2.0L  4,4,NM0LS7DN1AT019353,VEHICLE CERT OF OWNERSHIP-TITL,"105,540 E",EXEMPT,MINOR DENT/SCRATCHES,70 USD,0 USD,0,WA - PASCO,0,N/A,N/A
https://www.copart.com/lot/77474025/clean-title-2005-ford-e350-box-truck-fl-punta-gorda,77474025,$1 USD,03/16/2026 08:00 pm GMT+4,2005,FORD,E350,5.4L  8,8,1FDWE35L35HA87820,CERTIFICATE OF TITLE,"303,854 A",ACTUAL,MINOR DENT/SCRATCHES,0 USD,0 USD,0,FL - PUNTA GORDA,2.2,N/A,N/A
https://www.copart.com/lot/77472415/clean-title-2011-ford-e350-box-truck-fl-punta-gorda,77472415,$1 USD,03/16/2026 08:00 pm GMT+4,2011,FORD,E350,5.4L  8,8,1FDWE3FLXBDA72491,CERTIFICATE OF TITLE,0 N,NOT ACTUAL,MINOR DENT/SCRATCHES,0 USD,0 USD,0,FL - PUNTA GORDA,2.8,N/A,N/A
https://www.copart.com/lot/77438145/clean-title-2018-ford-f350-srw-lariat-4wd-6-7l-v8-tdsl-tx-houston-east,77438145,"24,667 USD",03/16/2026 08:00 pm GMT+4,2018,FORD,F350,6.7L 8,8,1FT8W3BT9JEC01538,CERTIFICATE OF TITLE,0 N,NOT ACTUAL,MECHANICAL,0 USD,0 USD,0,TX - HOUSTON EAST,0,N/A,N/A
https://www.copart.com/lot/77437645/clean-title-2019-ford-transit-connect-wagon-xlt-lwb-nj-trenton,77437645,"9,884 USD",03/16/2026 08:00 pm GMT+4,2019,FORD,TRANSIT CONNECT,2.0L 4,4,NM0LS7F26K1389942,CERTIFICATE OF TITLE (P),"184,372 A",ACTUAL,MECHANICAL,0 USD,0 USD,0,NJ - TRENTON,0,N/A,N/A
https://www.copart.com/lot/77437625/clean-title-2019-ram-promaster-3500-ext-cargo-3-6l-high-roo-nj-trenton,77437625,"14,329 USD",03/16/2026 08:00 pm GMT+4,2019,RAM,PROMASTER 1500,,,3C6URVJG3KE558569,CERT OF TITLE,"113,196 A",ACTUAL,MECHANICAL,0 USD,0 USD,0,NJ - TRENTON,0,N/A,N/A
https://www.copart.com/lot/77411415/clean-title-2014-ford-e150-ny-long-island,77411415,$1 USD,03/16/2026 08:00 pm GMT+4,2014,FORD,E150,4.6L  8,8,1FTNE1EW4EDA92143,CERTIFICATE OF TITLE,"191,086 A",ACTUAL,FRONT END,0 USD,0 USD,0,NY - LONG ISLAND,0,N/A,N/A
https://www.copart.com/lot/77410935/clean-title-2013-ford-e250-mi-detroit,77410935,$1 USD,03/16/2026 08:00 pm GMT+4,2013,FORD,E250,4.6L  8,8,1FTNE2EW6DDA26021,DEALER ONLY CLEAN TITLE,"138,997 A",ACTUAL,FRONT END,0 USD,0 USD,0,MI - DETROIT,0,N/A,N/A
https://www.copart.com/lot/77410635/clean-title-2016-chevrolet-silverado-c2500-heavy-duty-ca-bakersfield,77410635,"15,421 USD",03/16/2026 08:00 pm GMT+4,2016,CHEV,SILVERADO,6.0L  8,8,1GC2CUEG3GZ348412,DIS/DLR/EXP ONLY CLEAN TITLE,"428,206 A",ACTUAL,FRONT END,0 USD,0 USD,0,CA - BAKERSFIELD,0,N/A,N/A
https://www.copart.com/lot/77410215/clean-title-2018-ford-transit-mi-detroit,77410215,$1 USD,03/16/2026 08:00 pm GMT+4,2018,FORD,TRANSIT,3.7L  6,6,1FTYR2ZM5JKA01077,DEALER ONLY CLEAN TITLE,"133,641 A",ACTUAL,ROLLOVER,0 USD,0 USD,0,MI - DETROIT,0,N/A,N/A
https://www.copart.com/lot/77363985/clean-title-2025-ford-f350-super-duty-ca-san-bernardino,77363985,"79,683 USD",03/16/2026 08:00 pm GMT+4,2025,FORD,F350,6.7L  8,8,1FT8W3DM0SEC21376,CERTIFICATE OF TITLE,"22,794 A",ACTUAL,REPLACED VIN,175 USD,0 USD,0,CA - SAN BERNARDINO,0,N/A,N/A
https://www.copart.com/lot/77340515/clean-title-2015-ford-transit-t-250-de-seaford,77340515,"13,780 USD",03/16/2026 08:00 pm GMT+4,2015,FORD,TRANSIT,3.7L 6,6,1FTYR2CM5FKA72859,CERTIFICATE OF TITLE,0 N,NOT ACTUAL,MECHANICAL,0 USD,0 USD,0,DE - SEAFORD,3.7,N/A,N/A
https://www.copart.com/lot/77321985/clean-title-2021-ford-transit-connect-xl-fl-west-palm-beach,77321985,"18,900 USD",03/16/2026 08:00 pm GMT+4,2021,FORD,TRANSIT CONNECT,2.0L 4,4,NM0LS7E27M1500776,CERTIFICATE OF TITLE,"116,486 A",ACTUAL,MECHANICAL,0 USD,0 USD,0,FL - WEST PALM BEACH,3.6,N/A,Other
https://www.copart.com/lot/77301645/clean-title-2014-isuzu-nrr-box-truck-nc-mocksville,77301645,$1 USD,03/16/2026 08:00 pm GMT+4,2014,ISU,NQR,5.2L 4,4,JALE5W16XE7901953,DEALER ONLY CLEAN TITLE,"188,296 A",ACTUAL,NORMAL WEAR,0 USD,0 USD,0,NC - MOCKSVILLE,2.8,N/A,N/A
https://www.copart.com/lot/77245265/clean-title-2001-ford-econoline-e350-super-duty-wagon-mn-minneapolis,77245265,"1,400 USD",03/16/2026 08:00 pm GMT+4,2001,FORD,ECONOLINE,5.4L 8,8,1FBSS31L01HB55295,NON PUBLIC CLEAN TITLE,"111,737 E",EXEMPT,MECHANICAL,0 USD,0 USD,0,MN - MINNEAPOLIS,0,N/A,N/A
https://www.copart.com/lot/77235585/clean-title-2021-ram-promaster-city-al-birmingham,77235585,"16,250 USD",03/16/2026 08:00 pm GMT+4,2021,RAM,PROMASTER CITY,2.4L  4,4,ZFBHRFAB0M6U07429,CERTIFICATE OF TITLE,"144,309 A",ACTUAL,MECHANICAL,0 USD,0 USD,0,AL - BIRMINGHAM,0,N/A,N/A
https://www.copart.com/lot/77228335/clean-title-2017-ram-promaster-2500-va-richmond-east,77228335,"6,900 USD",03/16/2026 08:00 pm GMT+4,2017,RAM,PROMASTER 2500,3.6L 6,6,3C6TRVCG6HE500845,CERTIFICATE OF TITLE,"138,956 A",ACTUAL,MINOR DENT/SCRATCHES,225 USD,0 USD,0,VA - RICHMOND EAST,0,N/A,N/A
https://www.copart.com/lot/77207365/clean-title-2015-ram-3500-utility-service-truck-wy-casper,77207365,"24,764 USD",03/16/2026 08:00 pm GMT+4,2015,RAM,3500,6.7L 6,6,3C7WRTCL2FG606558,CERTIFICATE OF TITLE,0 N,NOT ACTUAL,FRONT END,0 USD,0 USD,0,WY - CASPER,0,N/A,N/A
https://www.copart.com/lot/77195935/clean-title-2020-ford-transit-t-250-delivery-van-oh-columbus,77195935,"17,911 USD",03/16/2026 08:00 pm GMT+4,2020,FORD,TRANSIT T,3.5L  6,6,1FTBR3X89LKA43126,CERTIFICATE OF TITLE,"171,437 A",ACTUAL,REAR END,0 USD,0 USD,0,OH - COLUMBUS,0,N/A,N/A
https://www.copart.com/lot/77143805/clean-title-2018-ram-promaster-3500-3500-high-ny-rochester,77143805,"21,156 USD",03/16/2026 08:00 pm GMT+4,2018,RAM,PROMASTER 3500,3.6L 6,6,3C6URVHG0JE116935,CERTIFICATE OF TITLE,"148,358 A",ACTUAL,FRONT END,0 USD,0 USD,0,NY - ROCHESTER,2.9,N/A,"Maintenance,Safety"
https://www.copart.com/lot/77129005/clean-title-2021-international-mv607-truck-cab-and-chassis-fl-tampa-south,77129005,"37,125 USD",03/16/2026 08:00 pm GMT+4,2021,INTL,MV607,6.7L  6,6,3HAEUMML8ML457911,CERT OF TITLE W/SLVG HISTORY,"145,662 N",NOT ACTUAL,FRONT END,"6,600 USD",0 USD,0,FL - TAMPA SOUTH,0,N/A,N/A
https://www.copart.com/lot/77116175/clean-title-2019-mercedes-benz-sprinter-2500-delivery-van-dc-washington-dc,77116175,$1 USD,03/16/2026 08:00 pm GMT+4,2019,MERZ,SPRINTER,3.0L  6,6,WD4PF0CD6KP102611,CERT OF TITLE (P),"341,406 A",ACTUAL,REAR END,0 USD,0 USD,0,DC - WASHINGTON DC,0,N/A,N/A
https://www.copart.com/lot/76978815/clean-title-1994-ford-econoline-e350-super-duty-ga-atlanta-north,76978815,"1,000 USD",03/16/2026 08:00 pm GMT+4,1994,FORD,ECONOLINE,5.8L 8,8,1FBJS31H4RHB58185,CERTIFICATE OF TITLE,"114,187 A",ACTUAL,MECHANICAL,0 USD,0 USD,0,GA - ATLANTA NORTH,0,N/A,N/A
https://www.copart.com/lot/76942835/clean-title-2003-ford-e250-utility-service-van-ca-bakersfield,76942835,$1 USD,03/16/2026 08:00 pm GMT+4,2003,FORD,ECONOLINE,5.4L  8,8,1FTNE24LX3HA13447,DIS/DLR/EXP ONLY CLEAN TITLE,"258,270 A",ACTUAL,MINOR DENT/SCRATCHES,0 USD,0 USD,0,CA - BAKERSFIELD,0,N/A,N/A
https://www.copart.com/lot/76815705/clean-title-2016-ford-transit-t-250-ma-south-boston,76815705,$1 USD,03/16/2026 08:00 pm GMT+4,2016,FORD,TRANSIT,3.7L  6,6,1FTYR1ZM3GKB50736,CERT OF TITLE-RECONSTRCTD COLL,"162,160 A",ACTUAL,REAR END,80 USD,0 USD,0,MA - SOUTH BOSTON,0,N/A,N/A
https://www.copart.com/lot/76814715/clean-title-2015-isuzu-npr-hd-box-truck-nj-glassboro-west,76814715,"21,258 USD",03/16/2026 08:00 pm GMT+4,2015,ISU,NPR HD,6.0L  8,8,54DB4W1B1FS804462,CERT OF TITLE,"294,923 A",ACTUAL,NORMAL WEAR,0 USD,0 USD,0,NJ - GLASSBORO WEST,0,N/A,N/A
https://www.copart.com/lot/76805305/clean-title-2016-freightliner-sprinter-2500-delivery-van-mi-detroit,76805305,$1 USD,03/16/2026 08:00 pm GMT+4,2016,FRHT,SPRINTER,2.1L  4,4,WDYPE8DD1GP325001,CERTIFICATE OF TITLE,"288,511 A",ACTUAL,REAR END,0 USD,0 USD,0,MI - DETROIT,0,N/A,N/A
https://www.copart.com/lot/76740325/clean-title-2012-ram-promaster-3500-delivery-van-nj-glassboro-west,76740325,$1 USD,03/16/2026 08:00 pm GMT+4,2012,BMW,535,3.0L  6,6,WBAFU7C54CDU65647,CERTIFICATE OF TITLE,"178,337 A",ACTUAL,MECHANICAL,0 USD,0 USD,0,NJ - GLASSBORO WEST,0,N/A,N/A
https://www.copart.com/lot/76719685/clean-title-2014-ford-e250-delivery-van-co-denver-south,76719685,"9,883 USD",03/16/2026 08:00 pm GMT+4,2014,FORD,E250,5.4L  8,8,1FTNE2EL9EDA50188,DIS/DLR/EXP ONLY CLEAN TITLE,"117,220 A",ACTUAL,HAIL,0 USD,0 USD,0,CO - DENVER SOUTH,0,N/A,N/A
https://www.copart.com/lot/76671855/clean-title-2020-ford-f550-xl-chassis-6-7l-v8-tdsl-in-cicero,76671855,"37,880 USD",03/16/2026 08:00 pm GMT+4,2020,FORD,F550,6.7L 8,8,1FD0W5GT6LEE50945,CERTIFICATE OF TITLE (P),0 N,NOT ACTUAL,SIDE,0 USD,0 USD,0,IN - CICERO,0,N/A,N/A
https://www.copart.com/lot/76671815/clean-title-2019-ford-f350-xl-srw-4wd-6-2l-v8-nj-glassboro-west,76671815,"29,748 USD",03/16/2026 08:00 pm GMT+4,2019,FORD,F350,6.2L 8,8,1FD8X3B62KEG53805,CERTIFICATE OF TITLE (P),0 N,NOT ACTUAL,FRONT END,0 USD,0 USD,0,NJ - GLASSBORO WEST,0,N/A,N/A
https://www.copart.com/lot/76607045/clean-title-2013-chevrolet-express-g2500-al-birmingham,76607045,$1 USD,03/16/2026 08:00 pm GMT+4,2013,CHEV,EXPRESS G2500,4.8L  8,8,1GCWGFCA7D1902741,CERTIFICATE OF TITLE,"132,246 A",ACTUAL,MINOR DENT/SCRATCHES,0 USD,0 USD,0,AL - BIRMINGHAM,3.4,N/A,N/A
https://www.copart.com/lot/76558265/clean-title-2020-chevrolet-express-ext-cutaway-van-6-0l-v8-ms-jackson,76558265,"12,644 USD",03/16/2026 08:00 pm GMT+4,2020,CHEV,EXPRESS,,,1GB0GSFG4L1172031,DEALER ONLY CLEAN TITLE,"393,087 A",ACTUAL,FRONT END,0 USD,0 USD,0,MS - JACKSON,0,N/A,N/A
https://www.copart.com/lot/76348085/clean-title-2012-chev-silverado-1500-hybri-ma-west-warren,76348085,"7,182 USD",03/16/2026 08:00 pm GMT+4,2012,CHEV,SILVERADO,4.3L  6,6,1GCRCPEXXCZ343203,CERT OF TITLE-REBUILT VEHICLE,"123,657 A",ACTUAL,REAR END,0 USD,0 USD,0,MA - WEST WARREN,0,N/A,N/A
https://www.copart.com/lot/76159955/clean-title-2013-ford-f650-super-duty-flatbed-truck-fl-jacksonville-north,76159955,$1 USD,03/16/2026 08:00 pm GMT+4,2013,FORD,F650 SUPER,6.8L 10,10,3FRNF6HP2DV776607,CERTIFICATE OF TITLE,"140,137 A",ACTUAL,MINOR DENT/SCRATCHES,0 USD,0 USD,0,FL - JACKSONVILLE NORTH,0,N/A,N/A
https://www.copart.com/lot/76018175/clean-title-2017-ford-f450-super-duty-box-truck-pa-harrisburg,76018175,"24,940 USD",03/16/2026 08:00 pm GMT+4,2017,FORD,F450,6.8L 10,10,1FDUF4GY4HED72048,CERT OF TITLE,"199,722 A",ACTUAL,NORMAL WEAR,125 USD,0 USD,0,PA - HARRISBURG,3.1,N/A,N/A
https://www.copart.com/lot/75900255/clean-title-2013-ford-transit-connect-xl-mo-st-louis,75900255,$1 USD,03/16/2026 08:00 pm GMT+4,2013,FORD,TRANSIT CONNECT,2.0L  4,4,NM0LS7AN0DT144885,CERTIFICATE OF TITLE,0 N,NOT ACTUAL,SIDE,0 USD,0 USD,0,MO - ST. LOUIS,0,N/A,N/A
https://www.copart.com/lot/75834735/clean-title-2018-ram-promaster-1500-1500-standard-nj-somerville,75834735,$1 USD,03/16/2026 08:00 pm GMT+4,2018,RAM,PROMASTER 1500,3.6L  6,6,3C6TRVAG3JE109581,CERTIFICATE OF TITLE,"285,859 A",ACTUAL,MINOR DENT/SCRATCHES,0 USD,0 USD,0,NJ - SOMERVILLE,0,N/A,N/A
https://www.copart.com/lot/75781395/clean-title-2025-ford-transit-250-delivery-van-ga-atlanta-south,75781395,"38,000 USD",03/16/2026 08:00 pm GMT+4,2025,FORD,TRANSIT,3.5L 6,6,1FTBR1Y86SKA63190,CERTIFICATE OF TITLE (P),636 A,ACTUAL,FRONT END,"4,100 USD",0 USD,0,GA - ATLANTA SOUTH,1.2,N/A,N/A
https://www.copart.com/lot/75738555/clean-title-2016-chevrolet-express-g3500-box-truck-wi-madison-south,75738555,"20,000 USD",03/16/2026 08:00 pm GMT+4,2016,CHEV,EXPRESS G3,4.8L  8,8,1GB0GRFF7G1121600,CERTIFICATE OF TITLE,0 N,NOT ACTUAL,FRONT END,15 USD,0 USD,0,WI - MADISON SOUTH,0,N/A,N/A
https://www.copart.com/lot/75615435/clean-title-1998-chevrolet-gmt-400-k1500-mn-minneapolis,75615435,$1 USD,03/16/2026 08:00 pm GMT+4,1998,GMC,GMT-400,4.3L  6,6,1GCEK19WXWE141988,CERTIFICATE OF TITLE,"140,247 E",EXEMPT,FRONT END,0 USD,0 USD,0,MN - MINNEAPOLIS,0,N/A,N/A
https://www.copart.com/lot/75608615/clean-title-2017-chevrolet-city-express-delivery-van-mi-detroit,75608615,"8,888 USD",03/16/2026 08:00 pm GMT+4,2017,CHEV,CITY EXPRE,2.0L  4,4,3N63M0ZN1HK701423,CERTIFICATE OF TITLE,"165,428 A",ACTUAL,FRONT END,0 USD,0 USD,0,MI - DETROIT,0,N/A,N/A
https://www.copart.com/lot/75604655/clean-title-2019-ford-transit-connect-utility-service-van-ny-long-island,75604655,"14,990 USD",03/16/2026 08:00 pm GMT+4,2019,FORD,TRANSIT CONNECT,2.0L 4,4,NM0LS7E29K1391864,CERTIFICATE OF TITLE,"41,812 A",ACTUAL,NORMAL WEAR,0 USD,0 USD,0,NY - LONG ISLAND,3.4,N/A,N/A
https://www.copart.com/lot/75604635/clean-title-2017-ford-transit-t-250-ny-long-island,75604635,"16,880 USD",03/16/2026 08:00 pm GMT+4,2017,FORD,TRANSIT,3.7L 6,6,1FTYR2YM5HKB04754,CERTIFICATE OF TITLE,"48,242 A",ACTUAL,MINOR DENT/SCRATCHES,450 USD,0 USD,0,NY - LONG ISLAND,3.8,N/A,"Safety,Other,Emission"
https://www.copart.com/lot/75472515/clean-title-2018-ram-3500-st-la-shreveport,75472515,$1 USD,03/16/2026 08:00 pm GMT+4,2018,RAM,3500,6.7L  6,6,3C63RRGL1JG124354,CERTIFICATE OF TITLE,"271,259 A",ACTUAL,REAR END,0 USD,0 USD,0,LA - SHREVEPORT,2.2,N/A,"Maintenance,Safety,Other,Emission"
https://www.copart.com/lot/75234485/clean-title-2008-ford-f350-srw-super-duty-tx-san-antonio,75234485,$1 USD,03/16/2026 08:00 pm GMT+4,2008,FORD,F350,5.4L  8,8,1FDSF30598EC32658,CERTIFICATE OF TITLE,"146,838 A",ACTUAL,NORMAL WEAR,0 USD,0 USD,0,TX - SAN ANTONIO,2.6,N/A,"Maintenance,Other"
https://www.copart.com/lot/75234335/clean-title-2008-ford-f350-super-duty-utility-service-truck-tx-san-antonio,75234335,$1 USD,03/16/2026 08:00 pm GMT+4,2008,FORD,F350 SUPER,5.4L  8,8,1FDSF30538EC32770,CERTIFICATE OF TITLE,"115,505 A",ACTUAL,REAR END,0 USD,0 USD,0,TX - SAN ANTONIO,3.1,N/A,N/A
https://www.copart.com/lot/75234155/clean-title-2008-ford-f350-super-duty-utility-service-truck-tx-san-antonio,75234155,$1 USD,03/16/2026 08:00 pm GMT+4,2008,FORD,F350,5.4L  8,8,1FDSF30558EC32771,CERTIFICATE OF TITLE,"118,227 A",ACTUAL,ALL OVER,0 USD,0 USD,0,TX - SAN ANTONIO,2.9,N/A,Emission
https://www.copart.com/lot/75232535/clean-title-2013-chevrolet-express-2500-cargo-utility-service-van-ca-san-jose,75232535,$1 USD,03/16/2026 08:00 pm GMT+4,2013,CHEV,EXPRESS G2500,4.8L  8,8,1GCWGFCA2D1903411,DIS/DLR/EXP ONLY CLEAN TITLE,"100,479 A",ACTUAL,MINOR DENT/SCRATCHES,100 USD,0 USD,0,CA - SAN JOSE,3.4,N/A,N/A
https://www.copart.com/lot/75228835/clean-title-2016-chevrolet-express-2500-utility-service-van-mi-detroit,75228835,$1 USD,03/16/2026 08:00 pm GMT+4,2016,CHEV,EXPRESS 25,4.8L  8,8,1GCWGAFF5G1139908,CERTIFICATE OF TITLE,"108,748 A",ACTUAL,MINOR DENT/SCRATCHES,150 USD,0 USD,0,MI - DETROIT,3.5,N/A,N/A
https://www.copart.com/lot/75064245/clean-title-2019-international-ma025-box-truck-oh-akron,75064245,$1 USD,03/16/2026 08:00 pm GMT+4,2019,INTL,MA025,6.7L  6,6,1HTMMMML2KH479918,CERTIFICATE OF TITLE,0 N,NOT ACTUAL,MECHANICAL,0 USD,0 USD,0,OH - AKRON,0,N/A,N/A
https://www.copart.com/lot/75032455/clean-title-2009-ford-e250-utility-service-van-ky-louisville,75032455,"10,485 USD",03/16/2026 08:00 pm GMT+4,2009,FORD,E250,4.6L  8,8,1FTNE24W39DA37566,CERTIFICATE OF TITLE (P),"176,706 A",ACTUAL,MINOR DENT/SCRATCHES,0 USD,0 USD,0,KY - LOUISVILLE,0,N/A,N/A
https://www.copart.com/lot/74992425/clean-title-2011-ford-f350-super-duty-flatbed-truck-wi-appleton,74992425,"14,370 USD",03/16/2026 08:00 pm GMT+4,2011,FORD,F350 SUPER,6.7L  8,8,1FT8W3BT2BEC19171,CERTIFICATE OF TITLE,"392,185 A",ACTUAL,FRONT END,125 USD,0 USD,0,WI - APPLETON,0,N/A,N/A
https://www.copart.com/lot/74910595/clean-title-2019-ford-transit-250-delivery-van-ky-louisville,74910595,"34,597 USD",03/16/2026 08:00 pm GMT+4,2019,FORD,TRANSIT,3.7L  6,6,1FTYR1YM0KKA55755,CERTIFICATE OF TITLE (P),"146,373 A",ACTUAL,NORMAL WEAR,0 USD,0 USD,0,KY - LOUISVILLE,0,N/A,N/A
https://www.copart.com/lot/74910575/clean-title-2016-ford-transit-t-250-srw-low-roof-delivery-van-ky-louisville,74910575,"31,995 USD",03/16/2026 08:00 pm GMT+4,2016,FORD,TRANSIT,3.7L  6,6,1FTYR1ZM8GKA46727,CERTIFICATE OF TITLE (P),"204,974 A",ACTUAL,SIDE,0 USD,0 USD,0,KY - LOUISVILLE,0,N/A,N/A
https://www.copart.com/lot/74836635/clean-title-2010-chevrolet-silverado-c3500-sc-north-charleston,74836635,"19,370 USD",03/16/2026 08:00 pm GMT+4,2010,CHEV,SILVERADO,6.6L 8,8,1GB7CZB63AF110412,CERTIFICATE OF TITLE,0 E,EXEMPT,NORMAL WEAR,0 USD,0 USD,0,SC - NORTH CHARLESTON,2.4,N/A,N/A
https://www.copart.com/lot/74633195/clean-title-2003-chevrolet-silverado-utility-service-truck-fl-orlando-north,74633195,"9,588 USD",03/16/2026 08:00 pm GMT+4,2003,CHEV,SILVERADO,6.0L  8,8,1GCGC24U43Z159862,CERTIFICATE OF TITLE,"261,724 E",EXEMPT,NORMAL WEAR,0 USD,0 USD,0,FL - ORLANDO NORTH,0,N/A,N/A
https://www.copart.com/lot/74381195/clean-title-2008-ford-econoline-e350-super-duty-cutaway-van-mo-st-louis,74381195,$1 USD,03/16/2026 08:00 pm GMT+4,2008,FORD,ECONOLINE,5.4L  8,8,1FDSE35L98DB58562,CERTIFICATE OF TITLE,"150,984 A",ACTUAL,MINOR DENT/SCRATCHES,150 USD,0 USD,0,MO - ST. LOUIS,2.6,N/A,Comfort
https://www.copart.com/lot/74380415/clean-title-2008-ford-f350-super-duty-utility-service-truck-tx-north-austin,74380415,$1 USD,03/16/2026 08:00 pm GMT+4,2008,FORD,F350,5.4L  8,8,1FDSF305X8EC32734,CERTIFICATE OF TITLE,"128,927 A",ACTUAL,NORMAL WEAR,0 USD,0 USD,0,TX - NORTH AUSTIN,3.6,N/A,Other
https://www.copart.com/lot/74380225/clean-title-2008-ford-f350-super-duty-utility-service-truck-tx-north-austin,74380225,$1 USD,03/16/2026 08:00 pm GMT+4,2008,FORD,F350,5.4L  8,8,1FDSF30598EC32644,CERTIFICATE OF TITLE,"132,673 A",ACTUAL,NORMAL WEAR,0 USD,0 USD,0,TX - NORTH AUSTIN,4.5,N/A,N/A
https://www.copart.com/lot/74247365/clean-title-2017-nissan-nv-1500-delivery-van-pa-york-haven,74247365,"22,783 USD",03/16/2026 08:00 pm GMT+4,2017,NISS,NV,4.0L  6,6,1N6BF0KY6HN808987,CERT OF TITLE (P),"152,984 A",ACTUAL,FRONT END,0 USD,0 USD,0,PA - YORK HAVEN,0,N/A,N/A
https://www.copart.com/lot/73557565/clean-title-2018-ford-transit-t-250-low-roof-cargo-van-oh-columbus,73557565,"13,574 USD",03/16/2026 08:00 pm GMT+4,2018,FORD,TRANSIT,3.7L 6,6,1FTYR1YM1JKA64866,CERTIFICATE OF TITLE,"234,751 A",ACTUAL,REAR END,0 USD,0 USD,0,OH - COLUMBUS,0,N/A,N/A
https://www.copart.com/lot/73547125/clean-title-2021-ford-e450-delivery-van-nc-gastonia,73547125,"64,877 USD",03/16/2026 08:00 pm GMT+4,2021,FORD,ECONOLINE,7.3L  8,8,1FDXE4FN6MDC01017,DEALER ONLY CLEAN TITLE,"170,729 N",NOT ACTUAL,MINOR DENT/SCRATCHES,0 USD,0 USD,0,NC - GASTONIA,0,N/A,N/A
https://www.copart.com/lot/73543845/clean-title-2011-workhorse-w62-delivery-truck-fl-clewiston,73543845,"64,597 USD",03/16/2026 08:00 pm GMT+4,2011,WRKH,COMMERCIAL,6.0L  8,8,5B4LFG2E6B3443483,CERTIFICATE OF TITLE (P),0 N,NOT ACTUAL,MINOR DENT/SCRATCHES,0 USD,0 USD,0,FL - CLEWISTON,0,N/A,N/A
https://www.copart.com/lot/73543795/clean-title-2012-workhorse-w62-delivery-truck-fl-clewiston,73543795,"25,885 USD",03/16/2026 08:00 pm GMT+4,2012,WRKH,COMMERCIAL,6.0L  8,8,5B4LFG2E1C3448656,CERTIFICATE OF TITLE (P),0 N,NOT ACTUAL,NORMAL WEAR,0 USD,0 USD,0,FL - CLEWISTON,0,N/A,N/A
https://www.copart.com/lot/73543715/clean-title-2012-workhorse-w62-delivery-truck-fl-clewiston,73543715,"25,885 USD",03/16/2026 08:00 pm GMT+4,2012,WRKH,COMMERCIAL,6.0L  8,8,5B4LFG2E3C3448657,CERTIFICATE OF TITLE (P),0 N,NOT ACTUAL,FRONT END,0 USD,0 USD,0,FL - CLEWISTON,0,N/A,N/A
https://www.copart.com/lot/73421325/clean-title-2025-chevrolet-express-g2500-utility-service-van-tn-memphis,73421325,"60,900 USD",03/16/2026 08:00 pm GMT+4,2025,CHEV,EXPRESS G2500,6.6L  8,8,1GCWGAF73S1262799,CERTIFICATE OF TITLE,10 A,ACTUAL,SIDE,"11,100 USD",0 USD,0,TN - MEMPHIS,0,N/A,N/A
https://www.copart.com/lot/73051995/clean-title-2015-ford-f750-super-duty-pa-york-haven,73051995,"36,980 USD",03/16/2026 08:00 pm GMT+4,2015,FORD,F750,6.7L 6,6,3FRNF7FC5FV747806,CERT OF TITLE,"131,288 A",ACTUAL,MECHANICAL,0 USD,0 USD,0,PA - YORK HAVEN,3.6,N/A,N/A
https://www.copart.com/lot/72854315/clean-title-2019-peterbilt-348-ia-davenport,72854315,"57,958 USD",03/16/2026 08:00 pm GMT+4,2019,PTBR,348,8.9L  6,6,1NP3HJ7X0KD621998,CERTIFICATE OF TITLE,0 N,NOT ACTUAL,FRONT END,0 USD,0 USD,0,IA - DAVENPORT,0,N/A,N/A
https://www.copart.com/lot/72800715/clean-title-2015-ford-transit-350-utility-service-van-nj-glassboro-west,72800715,"15,420 USD",03/16/2026 08:00 pm GMT+4,2015,FORD,TRANSIT,3.5L 6,6,1FTBW2YG9FKB13009,CERTIFICATE OF TITLE,"259,075 A",ACTUAL,MECHANICAL,0 USD,0 USD,0,NJ - GLASSBORO WEST,2.6,N/A,N/A
https://www.copart.com/lot/72749335/clean-title-2015-ford-transit-250-delivery-van-ny-long-island,72749335,"1,747 USD",03/16/2026 08:00 pm GMT+4,2015,FORD,TRANSIT,3.5L  6,6,1FTNR2CGXFKA80601,CERTIFICATE OF TITLE,"164,109 A",ACTUAL,MINOR DENT/SCRATCHES,0 USD,0 USD,0,NY - LONG ISLAND,0,N/A,N/A
https://www.copart.com/lot/72605435/clean-title-2021-ram-promaster-city-utility-service-van-ky-lexington-east,72605435,"23,825 USD",03/16/2026 08:00 pm GMT+4,2021,RAM,PROMASTER CITY,2.4L  4,4,ZFBHRFAB9M6T82451,CERTIFICATE OF TITLE (P),"179,174 A",ACTUAL,MINOR DENT/SCRATCHES,0 USD,0 USD,0,KY - LEXINGTON EAST,0,N/A,N/A
https://www.copart.com/lot/72445415/clean-title-2017-hino-258268-delivery-truck-co-denver,72445415,$1 USD,03/16/2026 08:00 pm GMT+4,2017,HINO,258/268,7.6L  6,6,5PVNJ8JVXH4S65203,DIS/DLR/EXP ONLY CLEAN TITLE,"101,289 N",NOT ACTUAL,SIDE,0 USD,0 USD,0,CO - DENVER,0,N/A,N/A
https://www.copart.com/lot/72422965/clean-title-2015-isuzu-npr-hd-box-truck-ky-louisville,72422965,"16,000 USD",03/16/2026 08:00 pm GMT+4,2015,ISU,NPR HD,5.2L  4,4,JALC4W166F7002650,CERTIFICATE OF TITLE,"12,440 A",ACTUAL,MECHANICAL,0 USD,0 USD,0,KY - LOUISVILLE,0,N/A,N/A
https://www.copart.com/lot/72328195/clean-title-2012-ford-transit-connect-fl-west-palm-beach,72328195,$1 USD,03/16/2026 08:00 pm GMT+4,2012,FORD,TRANSIT CONNECT,2.0L  4,4,NM0LS7AN8CT114712,CERTIFICATE OF TITLE,"89,605 A",ACTUAL,MINOR DENT/SCRATCHES,0 USD,0 USD,0,FL - WEST PALM BEACH,3.2,N/A,Other
https://www.copart.com/lot/72328135/clean-title-2008-ford-f150-super-duty-utility-service-truck-tx-ft-worth,72328135,$1 USD,03/16/2026 08:00 pm GMT+4,2008,FORD,F150,4.2L  6,6,1FTRF122X8KB70098,CERTIFICATE OF TITLE,"133,729 E",EXEMPT,NORMAL WEAR,0 USD,0 USD,0,TX - FT. WORTH,3.4,N/A,"Maintenance,Comfort,Other,Emission"
https://www.copart.com/lot/72328115/clean-title-2010-ford-f150-super-duty-utility-service-truck-tx-ft-worth,72328115,$1 USD,03/16/2026 08:00 pm GMT+4,2010,FORD,F150,4.6L  8,8,1FTMF1CW3AKB11086,CERTIFICATE OF TITLE,"120,754 E",EXEMPT,MINOR DENT/SCRATCHES,0 USD,0 USD,0,TX - FT. WORTH,2.9,N/A,Other
https://www.copart.com/lot/72318495/clean-title-2014-chevrolet-express-g3500-dc-washington-dc,72318495,"15,760 USD",03/16/2026 08:00 pm GMT+4,2014,CHEV,EXPRESS G3500,6.0L  8,8,1GB3G4CG7E1173903,CERTIFICATE OF TITLE,0 N,NOT ACTUAL,FRONT END,0 USD,0 USD,0,DC - WASHINGTON DC,0,N/A,N/A
https://www.copart.com/lot/72276155/clean-title-2013-chevrolet-express-g2500-fl-miami-south,72276155,$1 USD,03/16/2026 08:00 pm GMT+4,2013,CHEV,EXPRESS G2500,4.8L  8,8,1GCWGFCA0D1118644,CERTIFICATE OF TITLE,"161,436 N",NOT ACTUAL,SIDE,600 USD,0 USD,0,FL - MIAMI SOUTH,0,N/A,N/A
https://www.copart.com/lot/72185265/clean-title-2006-workhorse-w42-delivery-truck-nm-albuquerque,72185265,"27,655 USD",03/16/2026 08:00 pm GMT+4,2006,WRKH,COMMERCIAL,6.0L  8,8,5B4KPD2U763419228,CERTIFICATE OF TITLE (P),"305,621 A",ACTUAL,NORMAL WEAR,0 USD,0 USD,0,NM - ALBUQUERQUE,0,N/A,N/A
https://www.copart.com/lot/71818175/clean-title-2014-chevrolet-express-g2500-ks-wichita,71818175,$1 USD,03/16/2026 08:00 pm GMT+4,2014,CHEV,EXPRESS G2500,6.0L  8,8,1GCWGFCB2E1121653,DEALER ONLY CLEAN TITLE,"186,725 A",ACTUAL,SIDE,0 USD,0 USD,0,KS - WICHITA,3.8,N/A,N/A
https://www.copart.com/lot/71818105/clean-title-2013-chevrolet-express-g2500-wi-milwaukee-south,71818105,$1 USD,03/16/2026 08:00 pm GMT+4,2013,CHEV,EXPRESS G2500,4.8L  8,8,1GCWGFCA0D1903830,CERTIFICATE OF TITLE,"115,224 A",ACTUAL,FRONT END,200 USD,0 USD,0,WI - MILWAUKEE SOUTH,2.4,N/A,N/A
https://www.copart.com/lot/71818085/clean-title-2013-chevrolet-express-g2500-wi-milwaukee-south,71818085,$1 USD,03/16/2026 08:00 pm GMT+4,2013,CHEV,EXPRESS G2500,4.8L  8,8,1GCWGFCA7D1903789,CERTIFICATE OF TITLE,"115,224 A",ACTUAL,NORMAL WEAR,200 USD,0 USD,0,WI - MILWAUKEE SOUTH,3.7,N/A,N/A
https://www.copart.com/lot/71817925/clean-title-2013-chevrolet-express-g2500-tx-corpus-christi,71817925,$1 USD,03/16/2026 08:00 pm GMT+4,2013,CHEV,EXPRESS G2500,4.8L  8,8,1GCWGFCA7D1903257,CERTIFICATE OF TITLE,"102,795 A",ACTUAL,FRONT END,0 USD,0 USD,0,TX - CORPUS CHRISTI,3.6,N/A,N/A
https://www.copart.com/lot/71817845/clean-title-2008-ford-f150-ca-napa,71817845,$1 USD,03/16/2026 08:00 pm GMT+4,2008,FORD,F150,4.2L  6,6,1FTRF12268KB94804,DIS/DLR/EXP ONLY CLEAN TITLE,"191,231 A",ACTUAL,FRONT END,0 USD,0 USD,0,CA - NAPA,2.5,N/A,N/A
https://www.copart.com/lot/70878345/clean-title-2016-chevrolet-express-g2500-ca-antelope,70878345,$1 USD,03/16/2026 08:00 pm GMT+4,2016,CHEV,EXPRESS G2500,4.8L  8,8,1GCWGAFF0G1146572,DIS/DLR/EXP ONLY CLEAN TITLE,"156,328 A",ACTUAL,MINOR DENT/SCRATCHES,100 USD,0 USD,0,CA - ANTELOPE,4.1,N/A,N/A
https://www.copart.com/lot/70825415/clean-title-2013-chevrolet-express-g2500-ca-san-jose,70825415,$1 USD,03/16/2026 08:00 pm GMT+4,2013,CHEV,EXPRESS G2500,4.8L  8,8,1GCWGFCA2D1191093,DIS/DLR/EXP ONLY CLEAN TITLE,"100,532 A",ACTUAL,MINOR DENT/SCRATCHES,100 USD,0 USD,0,CA - SAN JOSE,3.4,N/A,N/A
https://www.copart.com/lot/70825375/clean-title-2013-chevrolet-express-g2500-ca-san-jose,70825375,$1 USD,03/16/2026 08:00 pm GMT+4,2013,CHEV,EXPRESS G2500,4.8L  8,8,1GCWGFCA6D1193901,DIS/DLR/EXP ONLY CLEAN TITLE,"127,121 A",ACTUAL,MINOR DENT/SCRATCHES,60 USD,0 USD,0,CA - SAN JOSE,3.6,N/A,N/A
https://www.copart.com/lot/70823515/clean-title-2013-chevrolet-express-g2500-ca-van-nuys,70823515,$1 USD,03/16/2026 08:00 pm GMT+4,2013,CHEV,EXPRESS G2500,6.0L  8,8,1GCWGFCB3D1902695,CERTIFICATE OF TITLE,"53,556 A",ACTUAL,MINOR DENT/SCRATCHES,200 USD,0 USD,0,CA - VAN NUYS,3.1,N/A,N/A
https://www.copart.com/lot/70817295/clean-title-2012-chevrolet-express-g2500-ca-san-diego,70817295,$1 USD,03/16/2026 08:00 pm GMT+4,2012,CHEV,EXPRESS G2500,6.0L  8,8,1GCWGFCB9C1125504,DIS/DLR/EXP ONLY CLEAN TITLE,"92,013 A",ACTUAL,MINOR DENT/SCRATCHES,0 USD,0 USD,0,CA - SAN DIEGO,1.8,N/A,N/A
https://www.copart.com/lot/70817285/clean-title-2012-chevrolet-express-g2500-ca-van-nuys,70817285,$1 USD,03/16/2026 08:00 pm GMT+4,2012,CHEV,EXPRESS G2500,6.0L  8,8,1GCWGFCBXC1123373,CERTIFICATE OF TITLE,"32,128 A",ACTUAL,NORMAL WEAR,200 USD,0 USD,0,CA - VAN NUYS,2.4,N/A,N/A
https://www.copart.com/lot/70817245/clean-title-2012-chevrolet-express-g2500-ca-van-nuys,70817245,$1 USD,03/16/2026 08:00 pm GMT+4,2012,CHEV,EXPRESS G2500,6.0L  8,8,1GCWGFCB3C1116247,DIS/DLR/EXP ONLY CLEAN TITLE,"69,662 A",ACTUAL,MINOR DENT/SCRATCHES,200 USD,0 USD,0,CA - VAN NUYS,2.4,N/A,Other
https://www.copart.com/lot/70817055/clean-title-2007-ford-f150-ca-van-nuys,70817055,$1 USD,03/16/2026 08:00 pm GMT+4,2007,FORD,F150,4.6L  8,8,1FTRF12W37KD42361,CERTIFICATE OF TITLE,"167,162 A",ACTUAL,NORMAL WEAR,0 USD,0 USD,0,CA - VAN NUYS,2.8,N/A,Other
https://www.copart.com/lot/70812425/clean-title-2013-chevrolet-express-g2500-tx-san-antonio,70812425,$1 USD,03/16/2026 08:00 pm GMT+4,2013,CHEV,EXPRESS G2500,4.8L  8,8,1GCWGFCA2D1903196,CERTIFICATE OF TITLE,"149,900 N",NOT ACTUAL,MINOR DENT/SCRATCHES,0 USD,0 USD,0,TX - SAN ANTONIO,3.5,N/A,N/A
https://www.copart.com/lot/70662605/clean-title-2005-international-4000-4300-trucks-ga-cartersville,70662605,"28,986 USD",03/16/2026 08:00 pm GMT+4,2005,INTL,4000 4300,6,6,1HTMMAAM75H101156,CERTIFICATE OF TITLE,"353,258 E",EXEMPT,MINOR DENT/SCRATCHES,0 USD,0 USD,0,GA - CARTERSVILLE,0,N/A,N/A
https://www.copart.com/lot/70198105/clean-title-2000-isuzu-npr-ne-lincoln,70198105,"85,478 USD",03/16/2026 08:00 pm GMT+4,2000,ISU,NPR,,,SD2110005,CERT OF TITLE-REBUILT,"151,807 A",ACTUAL,NORMAL WEAR,0 USD,0 USD,0,NE - LINCOLN,0,N/A,N/A
https://www.copart.com/lot/69969685/clean-title-2013-chevrolet-express-g2500-ca-vallejo,69969685,$1 USD,03/16/2026 08:00 pm GMT+4,2013,CHEV,EXPRESS G2500,4.8L  8,8,1GCWGFCA8D1193074,DIS/DLR/EXP ONLY CLEAN TITLE,"140,482 A",ACTUAL,NORMAL WEAR,15 USD,0 USD,0,CA - VALLEJO,3,N/A,N/A
https://www.copart.com/lot/69969675/clean-title-2013-chevrolet-express-g2500-ca-sun-valley,69969675,$1 USD,03/16/2026 08:00 pm GMT+4,2013,CHEV,EXPRESS G2500,4.8L  8,8,1GCWGFCA6D1903010,DIS/DLR/EXP ONLY CLEAN TITLE,"106,608 A",ACTUAL,MINOR DENT/SCRATCHES,175 USD,0 USD,0,CA - SUN VALLEY,2.8,N/A,Emission
https://www.copart.com/lot/69969465/clean-title-2012-chevrolet-express-g2500-ca-napa,69969465,$1 USD,03/16/2026 08:00 pm GMT+4,2012,CHEV,EXPRESS G2500,6.0L  8,8,1GCWGFCB0C1117906,DIS/DLR/EXP ONLY CLEAN TITLE,"94,362 A",ACTUAL,MINOR DENT/SCRATCHES,0 USD,0 USD,0,CA - NAPA,3.5,N/A,N/A
https://www.copart.com/lot/69836785/clean-title-2013-chevrolet-express-g2500-ky-lexington-west,69836785,$1 USD,03/16/2026 08:00 pm GMT+4,2013,CHEV,EXPRESS G2500,4.8L  8,8,1GCWGFCA6D1903251,CERTIFICATE OF TITLE,"160,774 A",ACTUAL,MINOR DENT/SCRATCHES,0 USD,0 USD,0,KY - LEXINGTON WEST,2.6,N/A,N/A
https://www.copart.com/lot/69836655/clean-title-2013-chevrolet-express-g2500-wi-milwaukee-south,69836655,$1 USD,03/16/2026 08:00 pm GMT+4,2013,CHEV,EXPRESS G2500,4.8L  8,8,1GCWGFCA2D1903828,CERTIFICATE OF TITLE,"103,036 A",ACTUAL,NORMAL WEAR,250 USD,0 USD,0,WI - MILWAUKEE SOUTH,3.1,N/A,N/A
https://www.copart.com/lot/69836365/clean-title-2012-chevrolet-express-g2500-ca-long-beach,69836365,$1 USD,03/16/2026 08:00 pm GMT+4,2012,CHEV,EXPRESS G2500,6.0L  8,8,1GCWGFCBXC1117637,DIS/DLR/EXP ONLY CLEAN TITLE,"54,919 A",ACTUAL,NORMAL WEAR,175 USD,0 USD,0,CA - LONG BEACH,2.9,N/A,N/A
https://www.copart.com/lot/69836355/clean-title-2012-chevrolet-express-g2500-ca-long-beach,69836355,$1 USD,03/16/2026 08:00 pm GMT+4,2012,CHEV,EXPRESS G2500,6.0L  8,8,1GCWGFCB8C1117605,DIS/DLR/EXP ONLY CLEAN TITLE,"65,867 A",ACTUAL,REAR END,175 USD,0 USD,0,CA - LONG BEACH,2,N/A,N/A
https://www.copart.com/lot/69055015/clean-title-2011-ford-econoline-e250-van-ca-san-jose,69055015,$1 USD,03/16/2026 08:00 pm GMT+4,2011,FORD,ECONOLINE,5.4L  8,8,1FTNE2EL7BDA10414,DIS/DLR/EXP ONLY CLEAN TITLE,"84,230 A",ACTUAL,MECHANICAL,0 USD,0 USD,0,CA - SAN JOSE,3.1,N/A,N/A
https://www.copart.com/lot/68331805/clean-title-2015-ford-f450-super-duty-pa-pittsburgh-north,68331805,$1 USD,03/16/2026 08:00 pm GMT+4,2015,FORD,F450,6.8L 10,10,1FDUF4HY7FEB16059,CERTIFICATE OF TITLE,"177,237 A",ACTUAL,MINOR DENT/SCRATCHES,0 USD,0 USD,0,PA - PITTSBURGH NORTH,2.9,N/A,Other
https://www.copart.com/lot/68307655/clean-title-2013-ford-transit-connect-xlt-fl-miami-central,68307655,$1 USD,03/16/2026 08:00 pm GMT+4,2013,FORD,TRANSIT CONNECT,2.0L  4,4,NM0LS7BN1DT135059,CERTIFICATE OF TITLE,"133,708 A",ACTUAL,MINOR DENT/SCRATCHES,0 USD,0 USD,0,FL - MIAMI CENTRAL,2.2,N/A,N/A
https://www.copart.com/lot/68277575/clean-title-2014-chevrolet-express-g2500-ca-long-beach,68277575,$1 USD,03/16/2026 08:00 pm GMT+4,2014,CHEV,EXPRESS G2500,6.0L  8,8,1GCWGFCB9E1133721,DIS/DLR/EXP ONLY CLEAN TITLE,"72,729 A",ACTUAL,NORMAL WEAR,0 USD,0 USD,0,CA - LONG BEACH,4,N/A,N/A
https://www.copart.com/lot/68277395/clean-title-2013-chevrolet-express-g2500-delivery-van-ca-van-nuys,68277395,$1 USD,03/16/2026 08:00 pm GMT+4,2013,CHEV,EXPRESS G2500,4.8L  8,8,1GCWGFCA3D1191975,CERTIFICATE OF TITLE,"87,698 A",ACTUAL,NORMAL WEAR,200 USD,0 USD,0,CA - VAN NUYS,3.7,N/A,N/A
https://www.copart.com/lot/68259745/clean-title-2013-chevrolet-express-g2500-ca-vallejo,68259745,$1 USD,03/16/2026 08:00 pm GMT+4,2013,CHEV,EXPRESS G2500,4.8L  8,8,1GCWGFCA9D1903549,DIS/DLR/EXP ONLY CLEAN TITLE,"107,083 A",ACTUAL,NORMAL WEAR,15 USD,0 USD,0,CA - VALLEJO,1.6,N/A,N/A
https://www.copart.com/lot/68259685/clean-title-2013-chevrolet-express-g2500-ca-van-nuys,68259685,$1 USD,03/16/2026 08:00 pm GMT+4,2013,CHEV,EXPRESS G2500,6.0L  8,8,1GCWGFCB2D1902638,CERTIFICATE OF TITLE,"97,348 A",ACTUAL,MINOR DENT/SCRATCHES,0 USD,0 USD,0,CA - VAN NUYS,2.3,N/A,Other
https://www.copart.com/lot/67457415/clean-title-2015-ford-f450-super-duty-oh-dayton,67457415,$1 USD,03/16/2026 08:00 pm GMT+4,2015,FORD,F450,6.8L 10,10,1FDUF4GY9FED21173,CERTIFICATE OF TITLE,"109,703 A",ACTUAL,MINOR DENT/SCRATCHES,"1,500 USD",0 USD,0,OH - DAYTON,3.8,N/A,N/A
https://www.copart.com/lot/67295535/clean-title-2014-chevrolet-express-g2500-ca-long-beach,67295535,$1 USD,03/16/2026 08:00 pm GMT+4,2014,CHEV,EXPRESS G2500,6.0L  8,8,1GCWGFCB5E1133683,DIS/DLR/EXP ONLY CLEAN TITLE,"79,654 A",ACTUAL,ALL OVER,175 USD,0 USD,0,CA - LONG BEACH,3.2,N/A,"Maintenance,Safety,Other,Emission"
https://www.copart.com/lot/67295515/clean-title-2013-chevrolet-express-g2500-il-southern-illinois,67295515,$1 USD,03/16/2026 08:00 pm GMT+4,2013,CHEV,EXPRESS G2500,4.8L  8,8,1GCWGFCA4D1193914,CERTIFICATE OF TITLE,"133,266 A",ACTUAL,MINOR DENT/SCRATCHES,150 USD,0 USD,0,IL - SOUTHERN ILLINOIS,3.5,N/A,N/A
https://www.copart.com/lot/67046985/clean-title-2013-chevrolet-express-g2500-fl-ft-pierce,67046985,$1 USD,03/16/2026 08:00 pm GMT+4,2013,CHEV,EXPRESS G2500,4.8L  8,8,1GCWGFCA9D1903969,CERTIFICATE OF TITLE,"135,184 A",ACTUAL,SIDE,0 USD,0 USD,0,FL - FT. PIERCE,3.2,N/A,N/A
https://www.copart.com/lot/67046885/clean-title-2013-chevrolet-express-g2500-ca-van-nuys,67046885,$1 USD,03/16/2026 08:00 pm GMT+4,2013,CHEV,EXPRESS G2500,6.0L  8,8,1GCWGFCB6D1902397,CERTIFICATE OF TITLE,"69,190 A",ACTUAL,MINOR DENT/SCRATCHES,200 USD,0 USD,0,CA - VAN NUYS,2.9,N/A,N/A
https://www.copart.com/lot/66360075/clean-title-2002-gmc-savana-g2500-ma-south-boston,66360075,"2,244 USD",03/16/2026 08:00 pm GMT+4,2002,GMC,SAVANA,5.7L  8,8,1GTGG25R721197808,CERT OF TITLE-RECONSTRCTD COLL,0 E,EXEMPT,FRONT END,0 USD,0 USD,0,MA - SOUTH BOSTON,0,N/A,N/A
https://www.copart.com/lot/66310645/clean-title-2014-chevrolet-express-g2500-ca-long-beach,66310645,$1 USD,03/16/2026 08:00 pm GMT+4,2014,CHEV,EXPRESS G2500,6.0L  8,8,1GCWGFCB3E1134914,DIS/DLR/EXP ONLY CLEAN TITLE,"162,187 A",ACTUAL,NORMAL WEAR,0 USD,0 USD,0,CA - LONG BEACH,3.1,N/A,N/A
https://www.copart.com/lot/66310125/clean-title-2012-chevrolet-express-g2500-ca-van-nuys,66310125,$1 USD,03/16/2026 08:00 pm GMT+4,2012,CHEV,EXPRESS G2500,6.0L  8,8,1GCWGFCB5C1117156,CERTIFICATE OF TITLE,"122,012 A",ACTUAL,NORMAL WEAR,0 USD,0 USD,0,CA - VAN NUYS,1.4,N/A,N/A
https://www.copart.com/lot/66008145/clean-title-2012-ford-f650-super-trucks-expeditor-truck-ca-rancho-cucamonga,66008145,"22,790 USD",03/16/2026 08:00 pm GMT+4,2012,FORD,F650 SUPER,6.8L 10,10,3FRNF6HD2CV466803,DIS/DLR/EXP ONLY CLEAN TITLE,"231,218 A",ACTUAL,MINOR DENT/SCRATCHES,0 USD,0 USD,0,CA - RANCHO CUCAMONGA,0,N/A,N/A
https://www.copart.com/lot/65942205/clean-title-2009-workhorse-commercial-trucks-delivery-van-wa-spanaway,65942205,"64,998 USD",03/16/2026 08:00 pm GMT+4,2009,WRKH,COMMERCIAL,4.8L  8,8,5B4KPD28993438953,VEHICLE CERT OF OWNERSHIP-TITL,"301,647 A",ACTUAL,MECHANICAL,0 USD,0 USD,0,WA - SPANAWAY,0,N/A,N/A
https://www.copart.com/lot/65218275/clean-title-2013-chevrolet-express-g2500-nc-gastonia,65218275,$1 USD,03/16/2026 08:00 pm GMT+4,2013,CHEV,EXPRESS G2500,4.8L  8,8,1GCWGFCA8D1904269,DEALER ONLY CLEAN TITLE,"183,951 A",ACTUAL,REAR END,0 USD,0 USD,0,NC - GASTONIA,3.6,N/A,N/A
https://www.copart.com/lot/64669615/clean-title-2013-ford-f350-super-duty-ca-van-nuys,64669615,$1 USD,03/16/2026 08:00 pm GMT+4,2013,FORD,F350,6.2L  8,8,1FDRF3A63DEB92271,CERTIFICATE OF TITLE,"36,758 A",ACTUAL,MINOR DENT/SCRATCHES,0 USD,0 USD,0,CA - VAN NUYS,0,N/A,N/A
https://www.copart.com/lot/64669285/clean-title-2013-ford-f350-super-duty-ca-van-nuys,64669285,$1 USD,03/16/2026 08:00 pm GMT+4,2013,FORD,F350,6.2L  8,8,1FDRF3A69DEB92128,CERTIFICATE OF TITLE,"34,270 A",ACTUAL,MINOR DENT/SCRATCHES,0 USD,0 USD,0,CA - VAN NUYS,3.6,N/A,N/A
https://www.copart.com/lot/64411935/clean-title-2015-ford-f450-super-duty-mi-flint,64411935,$1 USD,03/16/2026 08:00 pm GMT+4,2015,FORD,F450,6.8L 10,10,1FDUF4GY8FEC93009,DEALER ONLY CLEAN TITLE,"153,740 A",ACTUAL,MINOR DENT/SCRATCHES,0 USD,0 USD,0,MI - FLINT,0,N/A,N/A
https://www.copart.com/lot/64411525/clean-title-2015-ford-f450-super-duty-mi-flint,64411525,$1 USD,03/16/2026 08:00 pm GMT+4,2015,FORD,F450,6.8L 10,10,1FDUF4GY0FEC42233,DEALER ONLY CLEAN TITLE,"173,413 A",ACTUAL,MINOR DENT/SCRATCHES,0 USD,0 USD,0,MI - FLINT,0,N/A,N/A
https://www.copart.com/lot/62940095/clean-title-2008-ford-f350-srw-super-duty-tx-el-paso,62940095,$1 USD,03/16/2026 08:00 pm GMT+4,2008,FORD,F350,5.4L  8,8,1FTWF30538EA27035,CERTIFICATE OF TITLE,"144,919 A",ACTUAL,HAIL,0 USD,0 USD,0,TX - EL PASO,0,N/A,N/A
https://www.copart.com/lot/62466965/clean-title-2016-chevrolet-express-g2500-tx-san-antonio,62466965,$1 USD,03/16/2026 08:00 pm GMT+4,2016,CHEV,EXPRESS G2500,4.8L  8,8,1GCWGAFF3G1144881,CERTIFICATE OF TITLE,"161,263 N",NOT ACTUAL,MINOR DENT/SCRATCHES,0 USD,0 USD,0,TX - SAN ANTONIO,4.2,N/A,Emission
https://www.copart.com/lot/62393235/clean-title-2022-chevrolet-express-g2500-mo-st-louis,62393235,$1 USD,03/16/2026 08:00 pm GMT+4,2022,CHEV,EXPRESS G2500,4.3L  6,6,1GCWGAFP3N1225742,CERTIFICATE OF TITLE,"19,692 A",ACTUAL,HAIL,300 USD,0 USD,0,MO - ST. LOUIS,0,N/A,N/A
https://www.copart.com/lot/60500505/clean-title-2014-chevrolet-express-g2500-ca-napa,60500505,$1 USD,03/16/2026 08:00 pm GMT+4,2014,CHEV,EXPRESS G2500,6.0L  8,8,1GCWGFCB4E1122643,DIS/DLR/EXP ONLY CLEAN TITLE,"82,103 A",ACTUAL,MINOR DENT/SCRATCHES,150 USD,0 USD,0,CA - NAPA,0,N/A,N/A
https://www.copart.com/lot/59618385/clean-title-2013-chevrolet-express-g2500-ms-jackson,59618385,$1 USD,03/16/2026 08:00 pm GMT+4,2013,CHEV,EXPRESS G2500,4.8L  8,8,1GCWGFCA8D1903350,CERTIFICATE OF TITLE,"147,811 A",ACTUAL,NORMAL WEAR,0 USD,0 USD,0,MS - JACKSON,0,N/A,N/A
https://www.copart.com/lot/59618295/clean-title-2012-ford-econoline-e250-van-ca-sun-valley,59618295,$1 USD,03/16/2026 08:00 pm GMT+4,2012,FORD,ECONOLINE,5.4L  8,8,1FTNE2EL3CDB39543,APP FOR DUP CLEAN OR AC,"41,092 A",ACTUAL,MINOR DENT/SCRATCHES,0 USD,0 USD,0,CA - SUN VALLEY,0,N/A,N/A
https://www.copart.com/lot/58797475/clean-title-2015-ford-f450-super-duty-tx-san-antonio,58797475,$1 USD,03/16/2026 08:00 pm GMT+4,2015,FORD,F450,6.8L 10,10,1FDUF4GY0FEC42247,CERTIFICATE OF TITLE,"263,187 N",NOT ACTUAL,MINOR DENT/SCRATCHES,0 USD,0 USD,0,TX - SAN ANTONIO,0,N/A,N/A
https://www.copart.com/lot/58793475/clean-title-2013-ford-f450-super-duty-sc-spartanburg,58793475,$1 USD,03/16/2026 08:00 pm GMT+4,2013,FORD,F450,6.8L 10,10,1FDUF4GY8DEB65219,CERTIFICATE OF TITLE,"165,188 A",ACTUAL,MINOR DENT/SCRATCHES,2 USD,0 USD,0,SC - SPARTANBURG,0,N/A,N/A
https://www.copart.com/lot/56825195/clean-title-2013-ford-f450-super-duty-ky-earlington,56825195,$1 USD,03/16/2026 08:00 pm GMT+4,2013,FORD,F450,6.8L 10,10,1FDUF4GY2DEB14993,CERTIFICATE OF TITLE,"207,058 A",ACTUAL,MINOR DENT/SCRATCHES,875 USD,0 USD,0,KY - EARLINGTON,0,N/A,N/A
https://www.copart.com/lot/55576805/clean-title-2010-ford-f150-ky-lexington-east,55576805,$1 USD,03/16/2026 08:00 pm GMT+4,2010,FORD,F150,4.6L  8,8,1FTMF1CWXAKC08544,CERTIFICATE OF TITLE,"172,382 A",ACTUAL,FRONT END,0 USD,0 USD,0,KY - LEXINGTON EAST,0,N/A,N/A
https://www.copart.com/lot/54481915/clean-title-2016-ford-transit-t-250-tx-dallas-south,54481915,"22,363 USD",03/16/2026 08:00 pm GMT+4,2016,FORD,TRANSIT,3.5L  6,6,1FTYR2CG2GKA73513,CERTIFICATE OF TITLE,"204,933 A",ACTUAL,MECHANICAL,0 USD,0 USD,0,TX - DALLAS SOUTH,3.5,N/A,N/A
https://www.copart.com/lot/54235145/clean-title-2013-ford-f450-super-duty-il-chicago-south,54235145,$1 USD,03/16/2026 08:00 pm GMT+4,2013,FORD,F450,6.8L 10,10,1FDUF4GYXDEB43058,CERTIFICATE OF TITLE,"65,246 A",ACTUAL,FRONT END,375 USD,0 USD,0,IL - CHICAGO SOUTH,0,N/A,N/A
https://www.copart.com/lot/53127645/clean-title-2014-ford-f450-super-duty-il-chicago-south,53127645,$1 USD,03/16/2026 08:00 pm GMT+4,2014,FORD,F450,6.8L 10,10,1FDUF4GY1EEA62516,CERTIFICATE OF TITLE,"52,139 A",ACTUAL,FRONT END,275 USD,0 USD,0,IL - CHICAGO SOUTH,0,N/A,N/A
https://www.copart.com/lot/51790145/clean-title-2008-ford-econoline-e450-super-duty-cutaway-van-tn-memphis,51790145,$1 USD,03/16/2026 08:00 pm GMT+4,2008,FORD,ECONOLINE,6.8L 10,10,1FDXE45S08DB57898,CERTIFICATE OF TITLE,"256,772 A",ACTUAL,NORMAL WEAR,0 USD,0 USD,0,TN - MEMPHIS,0,N/A,N/A
https://www.copart.com/lot/51242895/clean-title-2008-ford-f350-srw-super-duty-ms-jackson,51242895,$1 USD,03/16/2026 08:00 pm GMT+4,2008,FORD,F350,5.4L  8,8,1FDWF305X8EC54928,CERTIFICATE OF TITLE,"171,839 E",EXEMPT,NORMAL WEAR,175 USD,0 USD,0,MS - JACKSON,0,N/A,N/A
https://www.copart.com/lot/49861115/clean-title-2015-ford-f450-super-duty-tx-ft-worth,49861115,$1 USD,03/16/2026 08:00 pm GMT+4,2015,FORD,F450,6.8L 10,10,1FDUF4GYXFED21165,CERTIFICATE OF TITLE,"185,871 N",NOT ACTUAL,NORMAL WEAR,0 USD,0 USD,0,TX - FT. WORTH,0,N/A,N/A
https://www.copart.com/lot/49303015/clean-title-2007-chevrolet-silverado-c2500-heavy-duty-al-birmingham,49303015,$1 USD,03/16/2026 08:00 pm GMT+4,2007,CHEV,SILVERADO,6.0L  8,8,1GBHC24K67E579403,CERTIFICATE OF TITLE,"163,367 A",ACTUAL,UNDERCARRIAGE,0 USD,0 USD,0,AL - BIRMINGHAM,0,N/A,N/A
https://www.copart.com/lot/47008625/clean-title-2013-ford-f350-super-duty-la-shreveport,47008625,$1 USD,03/16/2026 08:00 pm GMT+4,2013,FORD,F350,6.2L  8,8,1FDRF3B62DEB81695,CERTIFICATE OF TITLE,"126,105 N",NOT ACTUAL,REAR END,0 USD,0 USD,0,LA - SHREVEPORT,0,N/A,N/A
https://www.copart.com/lot/45483415/clean-title-2008-ford-f350-srw-super-duty-al-birmingham,45483415,$1 USD,03/16/2026 08:00 pm GMT+4,2008,FORD,F350,5.4L  8,8,1FDWF30558EC95693,CERTIFICATE OF TITLE,"135,059 A",ACTUAL,MECHANICAL,0 USD,0 USD,0,AL - BIRMINGHAM,0,N/A,N/A
https://www.copart.com/lot/45469446/clean-title-2017-ford-f750-super-duty-ga-augusta,45469446,"42,500 USD",03/16/2026 08:00 pm GMT+4,2017,FORD,F750,6.8L 10,10,1FDNF7AY1HDB00402,CERTIFICATE OF TITLE,"434,390 A",ACTUAL,TOP/ROOF,0 USD,0 USD,0,GA - AUGUSTA,0,N/A,N/A
https://www.copart.com/lot/45109835/clean-title-2022-ford-f450-super-duty-oh-dayton,45109835,$1 USD,03/16/2026 08:00 pm GMT+4,2022,FORD,F450,7.3L  8,8,1FDUF4GN9NEG19503,CERTIFICATE OF TITLE,978 A,ACTUAL,FRONT END,0 USD,0 USD,0,OH - DAYTON,0,N/A,N/A
https://www.copart.com/lot/44554535/clean-title-2008-ford-f350-srw-super-duty-la-shreveport,44554535,$1 USD,03/16/2026 08:00 pm GMT+4,2008,FORD,F350,5.4L  8,8,1FDWF30518EC94329,CERTIFICATE OF TITLE,"156,024 E",EXEMPT,MINOR DENT/SCRATCHES,0 USD,0 USD,0,LA - SHREVEPORT,0,N/A,N/A
https://www.copart.com/lot/43140775/clean-title-2012-chevrolet-express-g2500-ca-napa,43140775,$1 USD,03/16/2026 08:00 pm GMT+4,2012,CHEV,EXPRESS G2500,6.0L  8,8,1GCWGFCB0C1125553,DIS/DLR/EXP ONLY CLEAN TITLE,"44,283 A",ACTUAL,MINOR DENT/SCRATCHES,0 USD,0 USD,0,CA - NAPA,0,N/A,N/A
https://www.copart.com/lot/42375535/clean-title-2015-ford-f450-super-duty-il-chicago-south,42375535,$1 USD,03/16/2026 08:00 pm GMT+4,2015,FORD,F450,6.8L 10,10,1FDUF4GY5FEA16933,CERTIFICATE OF TITLE,"36,631 A",ACTUAL,REAR END,400 USD,0 USD,0,IL - CHICAGO SOUTH,0,N/A,N/A
https://www.copart.com/lot/42004896/clean-title-2013-international-4000-4300-ca-san-bernardino,42004896,$1 USD,03/16/2026 08:00 pm GMT+4,2013,INTL,4000,7.6L 6,6,1HTMMAAL5DH127681,DIS/DLR/EXP ONLY CLEAN TITLE,"302,193 A",ACTUAL,MINOR DENT/SCRATCHES,550 USD,0 USD,0,CA - SAN BERNARDINO,0,N/A,N/A
https://www.copart.com/lot/41974656/clean-title-2008-chevrolet-express-g3500-wa-spokane,41974656,$1 USD,03/16/2026 08:00 pm GMT+4,2008,CHEV,EXPRESS G3500,6.0L 8,8,1GBJG31K581132280,VEHICLE CERT OF OWNERSHIP-TITL,"201,033 E",EXEMPT,NORMAL WEAR,0 USD,0 USD,0,WA - SPOKANE,0,N/A,N/A
https://www.copart.com/lot/41963706/clean-title-1998-gmc-sierra-c3500-mn-minneapolis,41963706,$1 USD,03/16/2026 08:00 pm GMT+4,1998,GMC,SIERRA,5.7L 8,8,1GTHC33R4WF065588,CERTIFICATE OF TITLE,"326,658 E",EXEMPT,VANDALISM,0 USD,0 USD,0,MN - MINNEAPOLIS,0,N/A,N/A
https://www.copart.com/lot/41887056/clean-title-2019-gmc-savana-2500-cargo-utility-service-van-mi-wayland,41887056,"7,700 USD",03/16/2026 08:00 pm GMT+4,2019,GMC,SAVANA,6.0L 8,8,1GTW7AFG6K1349032,DEALER ONLY CLEAN TITLE,"144,870 A",ACTUAL,NORMAL WEAR,0 USD,0 USD,0,MI - WAYLAND,0,N/A,N/A
https://www.copart.com/lot/41843466/clean-title-2015-ram-5500-flatbed-truck-nv-reno,41843466,$1 USD,03/16/2026 08:00 pm GMT+4,2015,RAM,5500,, ,3C7WRNDL7FG549008,CERTIFICATE OF TITLE (P),"142,373 A",ACTUAL,MINOR DENT/SCRATCHES,0 USD,0 USD,0,NV - RENO,0,N/A,N/A
https://www.copart.com/lot/41841326/clean-title-2012-ford-f450-super-duty-ca-antelope,41841326,$1 USD,03/16/2026 08:00 pm GMT+4,2012,FORD,F450,6.8L 10,10,1FDGW4HY0CEB82168,DIS/DLR/EXP ONLY CLEAN TITLE,0 N,NOT ACTUAL,FRONT END,0 USD,0 USD,0,CA - ANTELOPE,0,N/A,N/A
https://www.copart.com/lot/41841216/clean-title-2009-ford-f350-super-duty-ca-antelope,41841216,$1 USD,03/16/2026 08:00 pm GMT+4,2009,FORD,F350,6.4L 8,8,1FDWX36R79EA50595,DIS/DLR/EXP ONLY CLEAN TITLE,"135,512 A",ACTUAL,FRONT END,0 USD,0 USD,0,CA - ANTELOPE,0,N/A,N/A
https://www.copart.com/lot/41841066/clean-title-2011-ford-f450-super-duty-ca-antelope,41841066,$1 USD,03/16/2026 08:00 pm GMT+4,2011,FORD,F450,6.7L 8,8,1FDUF4GT6BEC53199,DIS/DLR/EXP ONLY CLEAN TITLE,"291,352 A",ACTUAL,FRONT END,0 USD,0 USD,0,CA - ANTELOPE,0,N/A,N/A
https://www.copart.com/lot/41831176/clean-title-2015-ford-transit-t-delivery-van-fl-orlando-south,41831176,$1 USD,03/16/2026 08:00 pm GMT+4,2015,FORD,TRANSIT,3.7L 6,6,1FTNR1ZM3FKA96274,CERTIFICATE OF TITLE,"250,258 A",ACTUAL,SIDE,0 USD,0 USD,0,FL - ORLANDO SOUTH,0,N/A,N/A
https://www.copart.com/lot/41828426/clean-title-2010-chevrolet-express-g2500-ca-san-jose,41828426,$1 USD,03/16/2026 08:00 pm GMT+4,2010,CHEV,EXPRESS G2500,,,1GCZGGBAXA1134012,DIS/DLR/EXP ONLY CLEAN TITLE,"428,957 A",ACTUAL,MINOR DENT/SCRATCHES,0 USD,0 USD,0,CA - SAN JOSE,0,N/A,N/A
https://www.copart.com/lot/41822376/clean-title-2019-chevrolet-express-g2500-mi-detroit,41822376,"22,325 USD",03/16/2026 08:00 pm GMT+4,2019,CHEV,EXPRESS G2500,4.3L 6,6,1GCWGAFP4K1164395,CERTIFICATE OF TITLE (P),"137,977 A",ACTUAL,MINOR DENT/SCRATCHES,975 USD,0 USD,0,MI - DETROIT,0,N/A,N/A
https://www.copart.com/lot/41799986/clean-title-2015-nissan-nv-utility-service-van-ca-long-beach,41799986,$1 USD,03/16/2026 08:00 pm GMT+4,2015,NISS,NV,5.6L 8,8,1N6AF0KX0FN800884,DIS/DLR/EXP ONLY CLEAN TITLE,"183,698 A",ACTUAL,MINOR DENT/SCRATCHES,425 USD,0 USD,0,CA - LONG BEACH,0,N/A,N/A
https://www.copart.com/lot/41772506/clean-title-2017-ram-delivery-van-fl-punta-gorda,41772506,$1 USD,03/16/2026 08:00 pm GMT+4,2017,RAM,PROMASTER CITY,,,ZFBERFBB2H6D55117,CERTIFICATE OF TITLE,"128,551 A",ACTUAL,REAR END,0 USD,0 USD,0,FL - PUNTA GORDA,0,N/A,N/A
https://www.copart.com/lot/41760736/clean-title-2015-ford-transit-connect-xl-utility-service-van-wa-spanaway,41760736,$1 USD,03/16/2026 08:00 pm GMT+4,2015,FORD,TRANSIT CONNECT,2.5L 4,4,NM0LS7E77F1202663,VEHICLE CERT OF OWNERSHIP-TITL,"164,897 A",ACTUAL,FRONT END,0 USD,0 USD,0,WA - SPANAWAY,0,N/A,N/A
https://www.copart.com/lot/41758156/clean-title-2019-ford-f450-super-duty-pa-york-haven,41758156,"41,565 USD",03/16/2026 08:00 pm GMT+4,2019,FORD,F450,6.8L 10,10,1FDUF4GY7KDA18764,CERT OF TITLE,"189,193 A",ACTUAL,SIDE,0 USD,0 USD,0,PA - YORK HAVEN,0,N/A,N/A
https://www.copart.com/lot/41758106/clean-title-2022-ram-3500-flatbed-truck-il-chicago-north,41758106,"44,435 USD",03/16/2026 08:00 pm GMT+4,2022,RAM,3500,6.7L 6,6,3C7WRSCL2NG189595,CERTIFICATE OF TITLE,0 N,NOT ACTUAL,FRONT END,250 USD,0 USD,0,IL - CHICAGO NORTH,0,N/A,N/A
https://www.copart.com/lot/41748716/clean-title-2013-ford-econoline-e250-van-ca-sacramento,41748716,"12,625 USD",03/16/2026 08:00 pm GMT+4,2013,FORD,ECONOLINE,4.6L 8,8,1FTNE2EW5DDB10217,DIS/DLR/EXP ONLY CLEAN TITLE,"283,974 A",ACTUAL,MECHANICAL,0 USD,0 USD,0,CA - SACRAMENTO,0,N/A,N/A
https://www.copart.com/lot/41739176/clean-title-2016-chevrolet-express-2500-cargo-utility-service-van-ca-van-nuys,41739176,$1 USD,03/16/2026 08:00 pm GMT+4,2016,CHEV,EXPRESS G2500,4.8L 8,8,1GCWGAFF4G1290349,DIS/DLR/EXP ONLY CLEAN TITLE,"250,508 A",ACTUAL,MINOR DENT/SCRATCHES,200 USD,0 USD,0,CA - VAN NUYS,0,N/A,N/A
https://www.copart.com/lot/41728166/clean-title-2017-ford-transit-connect-xl-ny-long-island,41728166,"12,250 USD",03/16/2026 08:00 pm GMT+4,2017,FORD,TRANSIT CONNECT,2.5L 4,4,NM0LS7E75H1312713,CERTIFICATE OF TITLE,"95,467 N",NOT ACTUAL,MINOR DENT/SCRATCHES,0 USD,0 USD,0,NY - LONG ISLAND,0,N/A,N/A
https://www.copart.com/lot/41660366/clean-title-2009-ford-ranger-super-cab-ca-los-angeles,41660366,"8,225 USD",03/16/2026 08:00 pm GMT+4,2009,FORD,RANGER,2.3L 4,4,1FTYR14D09PA27943,DIS/DLR/EXP APP FOR DUP CLEAN,"399,306 E",EXEMPT,MECHANICAL,0 USD,0 USD,0,CA - LOS ANGELES,0,N/A,N/A
https://www.copart.com/lot/41651186/clean-title-2007-chevrolet-express-g2500-ca-san-jose,41651186,$1 USD,03/16/2026 08:00 pm GMT+4,2007,CHEV,EXPRESS G2500,4.8L 8,8,1GCGG29V071178225,DIS/DLR/EXP ONLY CLEAN TITLE,"173,908 A",ACTUAL,MINOR DENT/SCRATCHES,60 USD,0 USD,0,CA - SAN JOSE,0,N/A,N/A
https://www.copart.com/lot/41650716/clean-title-2020-ford-f250-super-duty-tx-waco,41650716,$1 USD,03/16/2026 08:00 pm GMT+4,2020,FORD,F250,6.2L 8,8,1FT7W2B66LED98235,CERTIFICATE OF TITLE (P),"183,382 A",ACTUAL,FRONT END,0 USD,0 USD,0,TX - WACO,0,N/A,N/A
https://www.copart.com/lot/41638646/clean-title-2019-nissan-nv-2500-ny-albany,41638646,$1 USD,03/16/2026 08:00 pm GMT+4,2019,NISS,NV,,,1N6BF0KY1KN809696,CERTIFICATE OF TITLE (P),"131,727 A",ACTUAL,FRONT END,0 USD,0 USD,0,NY - ALBANY,0,N/A,N/A
https://www.copart.com/lot/41615236/clean-title-2012-mercedes-benz-sprinter-2500-il-wheeling,41615236,"18,880 USD",03/16/2026 08:00 pm GMT+4,2012,MERZ,SPRINTER,3.0L 6,6,WD3PE8CB3C5707736,CERTIFICATE OF TITLE,"386,502 A",ACTUAL,MECHANICAL,175 USD,0 USD,0,IL - WHEELING,0,N/A,N/A
https://www.copart.com/lot/41592976/clean-title-2006-chevrolet-express-g3500-wi-milwaukee-south,41592976,$1 USD,03/16/2026 08:00 pm GMT+4,2006,CHEV,EXPRESS G3500,6.0L 8,8,1GAHG39U461207962,CERTIFICATE OF TITLE (P),"155,555 E",EXEMPT,MINOR DENT/SCRATCHES,0 USD,0 USD,0,WI - MILWAUKEE SOUTH,0,N/A,N/A
https://www.copart.com/lot/41592256/clean-title-2013-international-4300-box-truck-nv-las-vegas-west,41592256,"8,800 USD",03/16/2026 08:00 pm GMT+4,2013,INTL,4000,7.6L 6,6,1HTMMAAM7DH102452,CERTIFICATE OF TITLE,"187,890 N",NOT ACTUAL,MINOR DENT/SCRATCHES,0 USD,0 USD,0,NV - LAS VEGAS WEST,0,N/A,N/A